CREATE DATABASE  IF NOT EXISTS `appointment` /*!40100 DEFAULT CHARACTER SET utf8mb4 COLLATE utf8mb4_0900_ai_ci */ /*!80016 DEFAULT ENCRYPTION='N' */;
USE `appointment`;
-- MySQL dump 10.13  Distrib 8.0.42, for Win64 (x86_64)
--
-- Host: 127.0.0.1    Database: appointment
-- ------------------------------------------------------
-- Server version	8.0.42

/*!40101 SET @OLD_CHARACTER_SET_CLIENT=@@CHARACTER_SET_CLIENT */;
/*!40101 SET @OLD_CHARACTER_SET_RESULTS=@@CHARACTER_SET_RESULTS */;
/*!40101 SET @OLD_COLLATION_CONNECTION=@@COLLATION_CONNECTION */;
/*!50503 SET NAMES utf8 */;
/*!40103 SET @OLD_TIME_ZONE=@@TIME_ZONE */;
/*!40103 SET TIME_ZONE='+00:00' */;
/*!40014 SET @OLD_UNIQUE_CHECKS=@@UNIQUE_CHECKS, UNIQUE_CHECKS=0 */;
/*!40014 SET @OLD_FOREIGN_KEY_CHECKS=@@FOREIGN_KEY_CHECKS, FOREIGN_KEY_CHECKS=0 */;
/*!40101 SET @OLD_SQL_MODE=@@SQL_MODE, SQL_MODE='NO_AUTO_VALUE_ON_ZERO' */;
/*!40111 SET @OLD_SQL_NOTES=@@SQL_NOTES, SQL_NOTES=0 */;

--
-- Table structure for table `appointment_details`
--

DROP TABLE IF EXISTS `appointment_details`;
/*!40101 SET @saved_cs_client     = @@character_set_client */;
/*!50503 SET character_set_client = utf8mb4 */;
CREATE TABLE `appointment_details` (
  `id` int NOT NULL AUTO_INCREMENT,
  `Name` varchar(100) COLLATE utf8mb4_general_ci NOT NULL,
  `PositionTitle` varchar(100) COLLATE utf8mb4_general_ci DEFAULT NULL,
  `SchoolOffice` varchar(255) COLLATE utf8mb4_general_ci DEFAULT NULL,
  `District` varchar(255) COLLATE utf8mb4_general_ci DEFAULT NULL,
  `StatusOfAppointment` varchar(255) COLLATE utf8mb4_general_ci DEFAULT NULL,
  `NatureAppointment` varchar(100) COLLATE utf8mb4_general_ci NOT NULL,
  `ItemNo` varchar(100) COLLATE utf8mb4_general_ci NOT NULL,
  `DateSigned` date DEFAULT NULL,
  `pdfPath` varchar(255) COLLATE utf8mb4_general_ci DEFAULT NULL,
  `remarks` varchar(255) COLLATE utf8mb4_general_ci DEFAULT NULL,
  PRIMARY KEY (`id`),
  UNIQUE KEY `ItemNo` (`ItemNo`)
) ENGINE=InnoDB AUTO_INCREMENT=6463 DEFAULT CHARSET=utf8mb4 COLLATE=utf8mb4_general_ci;
/*!40101 SET character_set_client = @saved_cs_client */;

--
-- Dumping data for table `appointment_details`
--

LOCK TABLES `appointment_details` WRITE;
/*!40000 ALTER TABLE `appointment_details` DISABLE KEYS */;
INSERT INTO `appointment_details` VALUES (6023,'DAISY S. PARDO','TEACHER III (Elementary)','DAGANG ES','PARACALE','PROVISIONAL','RECLASSIFICATION','OSEC-DECSB-TCH3-391522-2025','2025-06-27','uploads/1753668122242-CHINGKY DEBORAH E VILLAGARCIA - Agapito Racelis ES.pdf',''),(6024,'ARJANE M. RIEZA','TEACHER III (Elementary)','PINAGBIRAYAN ES','PARACALE','PERMANENT','RECLASSIFICATION','OSEC-DECSB-TCH3-391399-2025','2025-06-28',NULL,NULL),(6025,'MA. SOPHIA E. RENIVA','TEACHER III (Secondary)','SABANG NATIONAL HS','VINZONS','PERMANENT','RECLASSIFICATION','OSEC-DECSB-TCH3-391561-2025','2025-06-28',NULL,NULL),(6026,'AEMY R. SENA','TEACHER III (Elementary)','GORGONIO OBUSAN ES','VINZONS','PERMANENT','RECLASSIFICATION','OSEC-DECSB-TCH3-391481-2025','2025-06-28',NULL,NULL),(6027,'AIKA T. ARZAGA','TEACHER III (Elementary)','L. OPEDA ES','SAN VICENTE - SAN LORENZO RUIZ','PERMANENT','RECLASSIFICATION','OSEC-DECSB-TCH3-391952-2025','2025-06-28',NULL,NULL),(6028,'AILYN Q. DETABLAN','TEACHER III (Elementary)','TULAY NA LUPA ES','LABO EAST','PERMANENT','RECLASSIFICATION','OSEC-DECSB-TCH3 391504-2025','2025-06-28',NULL,NULL),(6029,'ALICIA L. BEQUIO','TEACHER III (Elementary)','MALIBAGO ES','LABO WEST','PERMANENT','RECLASSIFICATION','OSEC-DECSB-TCH3 391463-2025','2025-06-28',NULL,NULL),(6030,'ALISON S. NARIDO','TEACHER II (Secondary)','D.Q. LIWAG NATIONAL HS','VINZONS','PERMANENT','RECLASSIFICATION','OSEC-DECSB-TCH2 390250-2025','2025-06-28',NULL,NULL),(6031,'ALMA E. GONZALES','TEACHER III (Secondary)','JOSE PANGANIBAN NATIONAL HS','JOSE PANGANIBAN','PERMANENT','RECLASSIFICATION','OSEC-DECSB-TCH3 391546-2025','2025-06-28',NULL,NULL),(6032,'AMALIA C. CAPACIO','TEACHER III (Secondary)','LAZARO CABEZUDO HS','TALISAY','PERMANENT','RECLASSIFICATION','OSEC-DECSB-TCH3 391960-2025','2025-06-28',NULL,NULL),(6033,'ANA ROSE V. ABASOLO','TEACHER III (Secondary)','JOSE PANGANIBAN NATIONAL HS','JOSE PANGANIBAN','PERMANENT','RECLASSIFICATION','OSEC-DECSB-TCH3 391547-2025','2025-06-28',NULL,NULL),(6034,'ANALYN S. REY','TEACHER III (Elementary)','MARCA MURILLO ES','CAPALONGA','PERMANENT','RECLASSIFICATION','OSEC-DECSB-TCH3 391008-2025','2025-06-28',NULL,NULL),(6035,'ANGELA G. SERGIO','TEACHER III (Elementary)','PINAGTIGASAN CALAGUAS ISLAND IS','VINZONS','PERMANENT','RECLASSIFICATION','OSEC-DECSB-TCH3 391512-2025','2025-06-28',NULL,NULL),(6036,'ANGELECCA JOY R. ESPINAR','TEACHER III (Elementary)','CALANGCAWAN SUR ES','VINZONS','PERMANENT','RECLASSIFICATION','OSEC-DECSB-TCH3 392673-2025','2025-06-28',NULL,NULL),(6037,'ANGELICA V. GRANADILLOS','TEACHER III (Secondary)','BAGONG SILANG I HS','LABO WEST','PERMANENT','RECLASSIFICATION','OSEC-DECSB-TCH3 391529-2025','2025-06-28',NULL,NULL),(6038,'ANNA MARIE S. ODI','TEACHER III (Secondary)','VINZONS PILOT HS','VINZONS','PERMANENT','RECLASSIFICATION','OSEC-DECSB-TCH3 391569-2025','2025-07-04',NULL,NULL),(6039,'ANNE LEONETTE V. PARULAN','TEACHER III (Elementary)','BAGUMBAYAN ES','PARACALE','PERMANENT','RECLASSIFICATION','OSEC-DECSB-TCH3 391479-2025','2025-06-28',NULL,NULL),(6040,'ANTONETTE LYSSA B. BONITO','TEACHER III (Secondary)','PARACALE NATIONAL HS','PARACALE','PERMANENT','RECLASSIFICATION','OSEC-DECSB-TCH3 392862-2025','2025-06-28',NULL,NULL),(6041,'ANTONIO O. GONZALES JR. II','TEACHER III (Elementary)','MARCA MURILLO ES','CAPALONGA','PERMANENT','RECLASSIFICATION','OSEC-DECSB-TCH3 391021-2025','2025-06-28',NULL,NULL),(6042,'APRIL ANN P. ALARDE','TEACHER III (Elementary)','L. OPEDA ES','SAN VICENTE - SAN LORENZO RUIZ','PERMANENT','RECLASSIFICATION','OSEC-DECSB-TCH3 391950-2025','2025-06-28',NULL,NULL),(6043,'ARIEL B. CENA','TEACHER III (Elementary)','DANCALAN ES','PARACALE','PERMANENT','RECLASSIFICATION','OSEC-DECSB-TCH3 391497-2025','2025-06-28',NULL,NULL),(6044,'AZENITH G. CRIBE','TEACHER II (Elementary)','BAUTISTA ES','LABO EAST','PERMANENT','RECLASSIFICATION','OSEC-DECSB-TCH3 390185-2025','2025-06-28',NULL,NULL),(6045,'BENJAMIN JR. M. TALENTO','TEACHER III (Elementary)','MARCA MURILLO ES','CAPALONGA','PERMANENT','RECLASSIFICATION','OSEC-DECSB-TCH3 391004-2025','2025-06-28',NULL,NULL),(6046,'BERNADETTE M. TALENTO','TEACHER III (Elementary)','MARCA MURILLO ES','CAPALONGA','PERMANENT','RECLASSIFICATION','OSEC-DECSB-TCH3 391026-2025','2025-06-28',NULL,NULL),(6047,'BEVELYN J. GADIL','TEACHER II (Secondary)','MATANGO NATIONAL HS','VINZONS','PERMANENT','RECLASSIFICATION','OSEC-DECSB-TCH3 390179-2025','2025-06-28',NULL,NULL),(6048,'CARMELLA B. LUKBAN','TEACHER III (Elementary)','CLEOFAS R. DANDO ES','LABO WEST','PERMANENT','RECLASSIFICATION','OSEC-DECSB-TCH3 391500-2025','2025-06-28',NULL,NULL),(6049,'CATHERINE T. DIOQUINO','TEACHER II (Elementary)','CATALINO GONZALES ES','CAPALONGA','PERMANENT','RECLASSIFICATION','OSEC-DECSB-TCH2 390134-2025 _','2025-06-28',NULL,NULL),(6050,'CHINKY DEBORAH E. VILLAGRACIA','TEACHER III (Elementary)','AGAPITO RACELIS ES','LABO WEST','PERMANENT','RECLASSIFICATION','OSEC-DECSB-TCH3 391920-2025','2025-06-28',NULL,NULL),(6051,'CHRISTIAN M. BAUTISTA','TEACHER III (Elementary)','F. CAUDILLA ES','LABO WEST','PERMANENT','RECLASSIFICATION','OSEC-DECSB-TCH3 392675-2025','2025-06-28',NULL,NULL),(6052,'CHRISTINA P. UMANDAP','TEACHER III (Elementary)','L. OPEDA ES','SAN VICENTE - SAN LORENZO RUIZ','PERMANENT','RECLASSIFICATION','OSEC-DECSB-TCH3 391899-2025','2025-06-28',NULL,NULL),(6053,'CHRISTINE A. YANELA','TEACHER III (Secondary)','BATOBALANI NATIONAL HS','PARACALE','PERMANENT','RECLASSIFICATION','OSEC-DECSB-TCH3 391535-2025','2025-06-28',NULL,NULL),(6054,'CHRISTINE B. GUTIERREZ','TEACHER III (Elementary)','SAN VICENTE CS','SAN VICENTE - SAN LORENZO RUIZ','PERMANENT','RECLASSIFICATION','OSEC-DECSB-TCH3 391963-2025','2025-06-28',NULL,NULL),(6055,'CHRISTINE JANE A. BOLA','TEACHER II (Elementary)','AGAPITO RACELIS ES','LABO WEST','PERMANENT','RECLASSIFICATION','OSEC-DECSB-TCH2 390246-2025','2025-06-28',NULL,NULL),(6056,'CIARA D. PAJARILLO','TEACHER III (Secondary)','SABANG NATIONAL HS','VINZONS','PERMANENT','RECLASSIFICATION','OSEC-DECSB-TCH3 391560-2025','2025-06-28',NULL,NULL),(6057,'DAISY I. VILLAFLORES','TEACHER III (Secondary)','BAGONG SILANG I HS','LABO WEST','PERMANENT','RECLASSIFICATION','OSEC-DECSB-TCH3 391530-2025','2025-06-28',NULL,NULL),(6058,'DANICA GRACE R. NISOLA','TEACHER III (Secondary)','FROILAN LOPEZ HS','SAN VICENTE - SAN LORENZO RUIZ','PERMANENT','RECLASSIFICATION','OSEC-DECSB-TCH3 391958-2025','2025-06-28',NULL,NULL),(6059,'DANLIE R. BERAQUIT','TEACHER III (Secondary)','RIZAL NATIONAL HS','STA. ELENA','PERMANENT','RECLASSIFICATION','OSEC-DECSB-TCH3 391558 -2025','2025-06-28',NULL,NULL),(6060,'DARREL O. BORJA','TEACHER III (Secondary)','VINZONS PILOT HS','VINZONS','PERMANENT','RECLASSIFICATION','OSEC-DECSB-TCH3 391567-2025','2025-06-28',NULL,NULL),(6061,'DULCE D. RONATO','TEACHER III (Secondary)','DAGUIT ES','LABO WEST','PERMANENT','RECLASSIFICATION','OSEC-DECSB-TCH3 391528-2025','2025-06-28',NULL,NULL),(6062,'EARL CHESTER A. RASCO','TEACHER III (Secondary)','BATOBALANI NATIONAL HS','PARACALE','PERMANENT','RECLASSIFICATION','OSEC-DECSB-TCH3 391531-2025','2025-06-28',NULL,NULL),(6063,'EDGAR R. CUSTODIO JR.','TEACHER III (Secondary)','SAN PEDRO-DOMINGO LLARENA HS','STA. ELENA','PERMANENT','RECLASSIFICATION','OSEC-DECSB-TCH3 392689-2025','2025-06-28',NULL,NULL),(6064,'EDLIN D. RUSTIQUE','TEACHER III (Secondary)','JOSE PANGANIBAN NATIONAL HS','JOSE PANGANIBAN','PERMANENT','RECLASSIFICATION','OSEC-DECSB-TCH3 391548-2025','2025-06-28',NULL,NULL),(6065,'EDEMEL J. JARDIN','TEACHER III (Elementary)','LABO ES','LABO EAST','PERMANENT','RECLASSIFICATION','OSEC-DECSB-TCH3 391943-2025','2025-06-28',NULL,NULL),(6066,'EFLEDA O. MENDOZA','TEACHER II (Elementary)','CAMACHO ALER ES','CAPALONGA','PERMANENT','RECLASSIFICATION','OSEC-DECSB-TCH2 390120-2025','2025-06-28',NULL,NULL),(6067,'ELIDORA Y. DOGOS','TEACHER III (Elementary)','DANCALAN ES','PARACALE','PERMANENT','RECLASSIFICATION','OSEC-DECSB-TCH3 391461-2025','2025-06-28',NULL,NULL),(6068,'ERIC Z. ARGOSO','TEACHER III (Elementary)','SALVACION (B) ES','SAN VICENTE - SAN LORENZO RUIZ','PERMANENT','RECLASSIFICATION','OSEC-DECSB-TCH3 391948-2025','2025-06-28',NULL,NULL),(6069,'ESMERALDA E. BRECIA','TEACHER III (Secondary)','JOSE PANGANIBAN NATIONAL HS','JOSE PANGANIBAN','PERMANENT','RECLASSIFICATION','OSEC-DECSB-TCH3 391543-2025','2025-06-28',NULL,NULL),(6070,'EZEKIEL C. SE','TEACHER III (Secondary)','EUGENIA M. QUINTELA MEMORIAL HS','VINZONS','PERMANENT','RECLASSIFICATION','OSEC-DECSB-TCH3 391541-2025','2025-06-28',NULL,NULL),(6071,'FERNANDO T. ACERON JR.','TEACHER III (Elementary)','EUGENIA M. QUINTELA MEMORIAL HS','VINZONS','PERMANENT','RECLASSIFICATION','OSEC-DECSB-TCH3 391944-2025','2025-06-28',NULL,NULL),(6072,'FRANCE N. ALMAYDA','TEACHER III (Elementary)','IGANG ES','PARACALE','PERMANENT','RECLASSIFICATION','OSEC-DECSB-TCH3 391484-2025','2025-06-28',NULL,NULL),(6073,'FRANCIA A. BERNANDINO','TEACHER III (Elementary)','MACOLABO ES','PARACALE','PERMANENT','RECLASSIFICATION','OSEC-DECSB-TCH3 392853-2025','2025-06-28',NULL,NULL),(6074,'GELLIE A. MARAVILLA','TEACHER III (Secondary)','EUGENIA M. QUINTELA MEMORIAL HS','VINZONS','PERMANENT','RECLASSIFICATION','OSEC-DECSB-TCH3 391540-2025','2025-06-28',NULL,NULL),(6075,'GEN NICOLLE A. VILLANUEVA','TEACHER III (Elementary)','MANGCAWAYAN ISLAND INTEGRATED ES','VINZONS','PERMANENT','RECLASSIFICATION','OSEC-DECSB-TCH3 391475-2025','2025-06-28',NULL,NULL),(6076,'GERALDINE C. CUEVAS','TEACHER III (Elementary)','STO. DOMINGO ES','VINZONS','PERMANENT','RECLASSIFICATION','OSEC-DECSB-TCH3 391400-2025','2025-06-28',NULL,NULL),(6077,'GEREMIE G. PAMING','TEACHER III (Secondary)','BATOBALANI NATIONAL HS','PARACALE','PERMANENT','RECLASSIFICATION','OSEC-DECSB-TCH3 391534-2025','2025-06-28',NULL,NULL),(6078,'GERLIE F. MAHUSAY','TEACHER III (Elementary)','L. OPEDA ES','SAN VICENTE - SAN LORENZO RUIZ','PERMANENT','RECLASSIFICATION','OSEC-DECSB-TCH3 391953-2025','2025-06-28',NULL,NULL),(6079,'GLENDA B. BANCAL','TEACHER II (Secondary)','MATANGO NATIONAL HS','VINZONS','PERMANENT','RECLASSIFICATION','OSEC-DECSB-TCH3 390209-2025','2025-06-28',NULL,NULL),(6080,'GRACE N. ORTIZ','TEACHER III (Secondary)','LEOCADIO ALEJO ENTIENZA HS','STA. ELENA','PERMANENT','RECLASSIFICATION','OSEC-DECSB-TCH3 391554-2025','2025-06-28',NULL,NULL),(6081,'HANNAH JANE M. YANTO','TEACHER III (Elementary)','CAMACHO ALER ES','CAPALONGA','PERMANENT','RECLASSIFICATION','OSEC-DECSB-TCH3 390971-2025','2025-06-28',NULL,NULL),(6082,'HANNAH FAYE M. ZABALA','TEACHER III (Secondary)','PARACALE NATIONAL HS','PARACALE','PERMANENT','RECLASSIFICATION','OSEC-DECSB-TCH3 392861-2025','2025-06-28',NULL,NULL),(6083,'JANINE R. GARIDO','TEACHER III (Elementary)','TULAY NA LUPA ES','LABO EAST','PERMANENT','RECLASSIFICATION','OSEC-DECSB-TCH3 391499-2025','2025-06-28',NULL,NULL),(6084,'JANNIE BETH O. MONTEROZO','TEACHER III (Elementary)','BANOCBOC ES','VINZONS','PERMANENT','RECLASSIFICATION','OSEC-DECSB-TCH3 391506-2025','2025-06-28',NULL,NULL),(6085,'JAYBOY L. DE GUZMAN','TEACHER III (Elementary)','PARACALE CS','PARACALE','PERMANENT','RECLASSIFICATION','OSEC-DECSB-TCH3 391509-2025','2025-06-28',NULL,NULL),(6086,'JAZZER P. SALAZAR','TEACHER III (Elementary)','GUMAUS ES','PARACALE','PERMANENT','RECLASSIFICATION','OSEC-DECSB-TCH3 391458-2025','2025-07-04',NULL,NULL),(6087,'JELLYN B. SAMUDIO','TEACHER III (Secondary)','EUGENIA M. QUINTELA MEMORIAL HS','VINZONS','PERMANENT','RECLASSIFICATION','OSEC-DECSB-TCH3 391539-2025','2025-06-28',NULL,NULL),(6088,'JENNALYN T. MACALE','TEACHER III (Secondary)','VINZONS PILOT HS','VINZONS','PERMANENT','RECLASSIFICATION','OSEC-DECSB-TCH3 391573-2025','2025-06-28',NULL,NULL),(6089,'JENNY P. OJO','TEACHER III (Elementary)','PALALI IS','LABO WEST','PERMANENT','RECLASSIFICATION','OSEC-DECSB-TCH3 391483-2025','2025-06-28',NULL,NULL),(6090,'JERIC C. NEMI','TEACHER III (Secondary)','JOSE PANGANIBAN NATIONAL HS','JOSE PANGANIBAN','PERMANENT','RECLASSIFICATION','OSEC-DECSB-TCH3 391544-2025','2025-06-28',NULL,NULL),(6091,'JESICA B. MILAN','TEACHER III (Elementary)','DIEZMO URENA ES','CAPALONGA','PERMANENT','RECLASSIFICATION','OSEC-DECSB-TCH3 391012-2025','2025-06-28',NULL,NULL),(6092,'JESSA Y. LATRIZ','TEACHER III (Elementary)','MACOLABO ES','PARACALE','PERMANENT','RECLASSIFICATION','OSEC-DECSB-TCH3 392855-2025','2025-06-28',NULL,NULL),(6093,'JOAN S. BALANE','TEACHER II (Secondary)','D.Q. LIWAG NATIONAL HS','VINZONS','PERMANENT','RECLASSIFICATION','OSEC-DECSB-TCH2 390346-2025','2025-06-28',NULL,NULL),(6094,'JOCELYN R. PARILLAS','TEACHER III (Elementary)','TULAY NA LUPA ES','LABO EAST','PERMANENT','RECLASSIFICATION','OSEC-DECSB-TCH2 391502-2025','2025-06-28',NULL,NULL),(6095,'JOFER S. MAGO','TEACHER II (Secondary)','VINZONS PILOT HS','VINZONS','PERMANENT','RECLASSIFICATION','OSEC-DECSB-TCH2 390211-2025','2025-06-28',NULL,NULL),(6096,'JOMAR O. RADA','TEACHER III (Secondary)','SAN PEDRO-DOMINGO LLARENA HS','STA. ELENA','PERMANENT','RECLASSIFICATION','OSEC-DECSB-TCH3 392690-2025','2025-06-28',NULL,NULL),(6097,'JOMAR S. GADI','TEACHER III (Secondary)','VINZONS PILOT HS','VINZONS','PERMANENT','RECLASSIFICATION','OSEC-DECSB-TCH3 390211-2025','2025-07-04',NULL,NULL),(6098,'JOMAR T. ABOGADO','TEACHER II (Elementary)','PALALI IS','LABO WEST','PERMANENT','RECLASSIFICATION','OSEC-DECSB-TCH3 390184-2025','2025-06-28',NULL,NULL),(6099,'JONATHAN E. MACALE','TEACHER III (Secondary)','VINZONS PILOT HS','VINZONS','PERMANENT','RECLASSIFICATION','OSEC-DECSB-TCH3 391566-2025','2025-06-28',NULL,NULL),(6100,'JOVELYN R. PASCUAL','TEACHER III (Elementary)','BAAY ES','LABO EAST','PERMANENT','RECLASSIFICATION','OSEC-DECSB-TCH3 391519-2025','2025-06-28',NULL,NULL),(6101,'JUAN C. MOYA JR.','TEACHER III (Elementary)','CALABURNAY ES','PARACALE','PERMANENT','RECLASSIFICATION','OSEC-DECSB-TCH3 391492-2025','2025-06-28',NULL,NULL),(6102,'KARREN E. ARDA','TEACHER III (Secondary)','LEOCADIO ALEJO ENTIENZA HS','STA. ELENA','PERMANENT','RECLASSIFICATION','OSEC-DECSB-TCH3 391555 -2025','2025-06-28',NULL,NULL),(6103,'KIMBERLY S. SELVIO','TEACHER III (Secondary)','JOSE PANGANIBAN NATIONAL HS','JOSE PANGANIBAN','PERMANENT','RECLASSIFICATION','OSEC-DECSB-TCH3 391545-2025','2025-06-28',NULL,NULL),(6104,'LENY V. BERJA','TEACHER II (Elementary)','LABO ES','LABO EAST','PERMANENT','RECLASSIFICATION','OSEC-DECSB-TCH3 391525-2025','2025-06-28',NULL,NULL),(6105,'LENY V. ZABALA','TEACHER II (Elementary)','PEDRO V. MORENO ES','PARACALE','PERMANENT','RECLASSIFICATION','OSEC-DECSB-TCH3 391491-2025','2025-06-28',NULL,NULL),(6106,'LEOREX B. AGYAPAS','TEACHER III (Elementary)','REGINO A. YET IS','JOSE PANGANIBAN EAST','PERMANENT','RECLASSIFICATION','OSEC-DECSB-TCH3 391892-2025','2025-06-28',NULL,NULL),(6107,'LIEZL M. ALMAIDA','TEACHER II (Elementary)','LUKBANAN ES','CAPALONGA','PERMANENT','RECLASSIFICATION','OSEC-DECSB-TCH3 390126-2025','2025-06-28',NULL,NULL),(6108,'LOMILYN B. PAJARILLO','TEACHER III (Elementary)','PINAGTIGASAN CALAGUAS ISLAND IS','VINZONS','PERMANENT','RECLASSIFICATION','OSEC-DECSB-TCH3 391402-2025','2025-06-28',NULL,NULL),(6109,'LORENA B. LUCIO','MASTER TEACHER I (Secondary)','SAN ROQUE NATIONAL HS','MERCEDES','PERMANENT','RECLASSIFICATION','OSEC-DECSB-MTCHRI 391402-2025','2025-06-28',NULL,NULL),(6110,'LORIFE B. BONGALBAL','TEACHER III (Secondary)','SABANG NATIONAL HS','VINZONS','PERMANENT','RECLASSIFICATION','OSEC-DECSB-TCH3 391406-2025','2025-06-28',NULL,NULL),(6111,'LORNA L. ERANDIO','TEACHER III (Elementary)','FLORENCE ES','LABO WEST','PERMANENT','RECLASSIFICATION','OSEC-DECSB-TCH3 391462-2025','2025-06-28',NULL,NULL),(6112,'LOTA Q. VALE','TEACHER III (Elementary)','GUMAUS ES','PARACALE','PERMANENT','RECLASSIFICATION','OSEC-DECSB-TCH3 391455-2025','2025-06-28',NULL,NULL),(6113,'LUCIA O. PERAZ','TEACHER II (Elementary)','CALABACA IS','CAPALONGA','PERMANENT','RECLASSIFICATION','OSEC-DECSB-TCH2 390129-2025','2025-06-28',NULL,NULL),(6114,'LUNINGNING M. BATALLER','TEACHER III (Elementary)','MAMPUNGO ES','PARACALE','PERMANENT','RECLASSIFICATION','OSEC-DECSB-TCH3 391401-2025','2025-07-04',NULL,NULL),(6115,'LYANNE C. BERNARDO','TEACHER III (Secondary)','LEOCADIO ALEJO ENTIENZA HS','STA. ELENA','PERMANENT','RECLASSIFICATION','OSEC-DECSB-TCH3 391553-2025','2025-06-28',NULL,NULL),(6116,'LYKA JOYCE J. CERENO','TEACHER III (Elementary)','MANGCAWAYAN ISLAND INTEGRATED ES','VINZONS','PERMANENT','RECLASSIFICATION','OSEC-DECSB-TCH3 391477-2025','2025-06-28',NULL,NULL),(6117,'MA. CRISTINA T. VILLARAZA','TEACHER III (Elementary)','DIEZMO URENA ES','CAPALONGA','PERMANENT','RECLASSIFICATION','OSEC-DECSB-TCH3 391049-2025','2025-06-28',NULL,NULL),(6118,'MA. ELAINE M. ALCANTARA','TEACHER III (Secondary)','MAGSAYSAY NATIONAL HS','CAPALONGA','PERMANENT','RECLASSIFICATION','OSEC-DECSB-TCH3 391172-2025','2025-06-28',NULL,NULL),(6119,'MAILA I. ARTISTA','TEACHER III (Elementary)','TULAY NA LUPA ES','LABO EAST','PERMANENT','RECLASSIFICATION','OSEC-DECSB-TCH3 391511-2025','2025-06-28',NULL,NULL),(6120,'MANILYN C. MANANZALA','TEACHER III (Elementary)','PULANTUNA ES','SAN VICENTE - SAN LORENZO RUIZ','PERMANENT','RECLASSIFICATION','OSEC-DECSB-TCH3 391955-2025','2025-06-28',NULL,NULL),(6121,'MARIA DOLORES U. CARPIO','TEACHER III (Elementary)','DIEZMO URENA ES','CAPALONGA','PERMANENT','RECLASSIFICATION','OSEC-DECSB-TCH3 391054-2025','2025-06-28',NULL,NULL),(6122,'MARIE ANJANETTE A. CERICOS','TEACHER III (Elementary)','TRINO P. ZENAROSA ES','VINZONS','PERMANENT','RECLASSIFICATION','OSEC-DECSB-TCH3 391403-2025','2025-06-28',NULL,NULL),(6123,'MARIE THERESE C. AUSTRIA','TEACHER III (Elementary)','GUMAUS ES','PARACALE','PERMANENT','RECLASSIFICATION','OSEC-DECSB-TCH3 392857-2025','2025-06-28',NULL,NULL),(6124,'MARILYN O. BAYLON','TEACHER III (Elementary)','CABANBANAN ES','SAN VICENTE - SAN LORENZO RUIZ','PERMANENT','RECLASSIFICATION','OSEC-DECSB-TCH3 391949-2025','2025-06-28',NULL,NULL),(6125,'MARIVIC S. MADI','TEACHER III (Elementary)','STA. CATALINA ES','PARACALE','PERMANENT','RECLASSIFICATION','OSEC-DECSB-TCH3 391487-2025','2025-06-28',NULL,NULL),(6126,'MARK JIM M. TORERO','TEACHER III (Secondary)','SARAH JANE FERRER HS','VINZONS','PERMANENT','RECLASSIFICATION','OSEC-DECSB-TCH3 391581-2025','2025-06-28',NULL,NULL),(6127,'MARLYN S. LANIT','TEACHER III (Elementary)','MALIGAYA ES','LABO WEST','PERMANENT','RECLASSIFICATION','OSEC-DECSB-TCH3 391517-2025','2025-06-28',NULL,NULL),(6128,'MARY ANN A. SERGIO','TEACHER III (Elementary)','JUANITA BALON ES','VINZONS','PERMANENT','RECLASSIFICATION','OSEC-DECSB-TCH3 391510-2025','2025-06-28',NULL,NULL),(6129,'MARY CRIS S. PORTUGAL','TEACHER III (Secondary)','DELIA DIEZMO NATIONAL HS','CAPALONGA','PERMANENT','RECLASSIFICATION','OSEC-DECSB-TCH3 391112-2025','2025-06-28',NULL,NULL),(6130,'MARY CRISDIN P. MARTINEZ','TEACHER III (Elementary)','SEVERINO FRANCISCO ES','LABO EAST','PERMANENT','RECLASSIFICATION','OSEC-DECSB-TCH3 391518-2025','2025-06-28',NULL,NULL),(6131,'MARY JOY A. BURCELIS','TEACHER III (Secondary)','SAN PEDRO-DOMINGO LLARENA HS','STA. ELENA','PERMANENT','RECLASSIFICATION','OSEC-DECSB-TCH3 392687-2025','2025-06-28',NULL,NULL),(6132,'MARY ROSE C. CARILLO','TEACHER III (Elementary)','MANGCAYO ES','VINZONS','PERMANENT','RECLASSIFICATION','OSEC-DECSB-TCH3 391505-2025','2025-06-28',NULL,NULL),(6133,'MAXIMO M. ALER','TEACHER II (Elementary)','NECIO OLILA ES','CAPALONGA','PERMANENT','RECLASSIFICATION','OSEC-DECSB-TCH2 390118-2025','2025-06-28',NULL,NULL),(6134,'MAYLA V. BARNEDO','TEACHER II (Secondary)','GONZALO ALER NATIONAL HS','CAPALONGA','PERMANENT','RECLASSIFICATION','OSEC-DECSB-TCH2 390147-2025','2025-06-28',NULL,NULL),(6135,'MEJOLYN A. LAPAK','HEAD TEACHER I (Elementary)','CATALINO GONZALES ES','CAPALONGA','PERMANENT','RECLASSIFICATION','OSEC-DECSB-HTEACH1 390024-2025','2025-06-28',NULL,NULL),(6136,'MERIAN R. DE VILLA','TEACHER III (Secondary)','SABANG NATIONAL HS','VINZONS','PERMANENT','RECLASSIFICATION','OSEC-DECSB-TCH3 392863-2025','2025-06-28',NULL,NULL),(6137,'MIA PRINCESS S. REY','TEACHER III (Secondary)','VINZONS PILOT HS','VINZONS','PERMANENT','RECLASSIFICATION','OSEC-DECSB-TCH3 392865-2025','2025-06-28',NULL,NULL),(6138,'MICHAEL JONES B. OROPESA','TEACHER III (Elementary)','MALIBAGO ES','LABO WEST','PERMANENT','RECLASSIFICATION','OSEC-DECSB-TCH3 391521-2025','2025-06-28',NULL,NULL),(6139,'MICHELE R. SERRADO','TEACHER III (Secondary)','GONZALO ALER NATIONAL HS','CAPALONGA','PERMANENT','RECLASSIFICATION','OSEC-DECSB-TCH3 391575-2025','2025-06-28',NULL,NULL),(6140,'MYLEEN M. FERNANDEZ','TEACHER II (Elementary)','MARCA MURILLO ES','CAPALONGA','PERMANENT','RECLASSIFICATION','OSEC-DECSB-TCH2 390128-2025','2025-06-28',NULL,NULL),(6141,'MYLENE C. RACELIS','TEACHER III (Elementary)','LABO ES','LABO EAST','PERMANENT','RECLASSIFICATION','OSEC-DECSB-TCH3 391015-2025','2025-06-28',NULL,NULL),(6142,'MYLENE R. INDIAS','TEACHER III (Elementary)','CALABACA IS','CAPALONGA','PERMANENT','RECLASSIFICATION','OSEC-DECSB-TCH3 391003-2025','2025-06-28',NULL,NULL),(6143,'MYLINDA L. NERY','TEACHER III (Elementary)','F. CAUDILLA ES','LABO WEST','PERMANENT','RECLASSIFICATION','OSEC-DECSB-TCH3 391939-2025','2025-06-28',NULL,NULL),(6144,'NERISSA S. DITAN','TEACHER III (Elementary)','BANOCBOC ES','VINZONS','PERMANENT','RECLASSIFICATION','OSEC-DECSB-TCH3 391941-2025','2025-06-28',NULL,NULL),(6145,'PATRICK P. ECHANO','TEACHER III (Secondary)','FROILAN LOPEZ HS','SAN VICENTE - SAN LORENZO RUIZ','PERMANENT','RECLASSIFICATION','OSEC-DECSB-TCH3 391957-2025','2025-06-28',NULL,NULL),(6146,'PEARLY A. LABRADOR','TEACHER III (Secondary)','VINZONS PILOT HS','VINZONS','PERMANENT','RECLASSIFICATION','OSEC-DECSB-TCH3 391564-2025','2025-06-28',NULL,NULL),(6147,'RACHEL B. JAMITO','TEACHER III (Elementary)','MALIGAYA ES','LABO WEST','PERMANENT','RECLASSIFICATION','OSEC-DECSB-TCH3 391493-2025','2025-06-28',NULL,NULL),(6148,'RACHELLE A. CANALES','TEACHER III (Elementary)','CALABACA IS','CAPALONGA','PERMANENT','RECLASSIFICATION','OSEC-DECSB-TCH3 391050-2025','2025-06-28',NULL,NULL),(6149,'RACHELLE F. BAAY','TEACHER III (Secondary)','SABANG NATIONAL HS','VINZONS','PERMANENT','RECLASSIFICATION','OSEC-DECSB-TCH3 391405-2025','2025-06-28',NULL,NULL),(6150,'REBEKAH C. ERA','TEACHER II (Secondary)','EUGENIA M. QUINTELA MEMORIAL HS','VINZONS','PERMANENT','RECLASSIFICATION','OSEC-DECSB-TCH2 390208-2025','2025-06-28',NULL,NULL),(6151,'RECHELL E. MONTIERRO','TEACHER III (Secondary)','DELIA DIEZMO NATIONAL HS','CAPALONGA','PERMANENT','RECLASSIFICATION','OSEC-DECSB-TCH3 391109-2025','2025-06-28',NULL,NULL),(6152,'RECHELLE ANN B. TIERRA','TEACHER III (Secondary)','DELIA DIEZMO NATIONAL HS','CAPALONGA','PERMANENT','RECLASSIFICATION','OSEC-DECSB-TCH3 391110-2025','2025-06-28',NULL,NULL),(6153,'REINA U. JAMITO','TEACHER III (Secondary)','GUMAUS ES','PARACALE','PERMANENT','RECLASSIFICATION','OSEC-DECSB-TCH3 391542-2025','2025-06-28',NULL,NULL),(6154,'REJHELLE M. MILITANTE','TEACHER III (Elementary)','PORTUGAL CHAVEZ ES','CAPALONGA','PERMANENT','RECLASSIFICATION','OSEC-DECSB-TCH3 391052-2025','2025-06-28',NULL,NULL),(6155,'REVICAR I. ABASULA','TEACHER III (Secondary)','JOSE PANGANIBAN NATIONAL HS','JOSE PANGANIBAN','PERMANENT','RECLASSIFICATION','OSEC-DECSB-TCH3 391550-2025','2025-06-28',NULL,NULL),(6156,'REYNALYN S. HERNANDEZ','TEACHER III (Elementary)','MANGCAWAYAN ISLAND INTEGRATED ES','VINZONS','PERMANENT','RECLASSIFICATION','OSEC-DECSB-TCH3 391467-2025','2025-06-28',NULL,NULL),(6157,'RICA G. CANABA','TEACHER III (Secondary)','VINZONS PILOT HS','VINZONS','PERMANENT','RECLASSIFICATION','OSEC-DECSB-TCH3 391565-2025','2025-06-28',NULL,NULL),(6158,'RICA M. VILLANUEVA','TEACHER III (Secondary)','VINZONS PILOT HS','VINZONS','PERMANENT','RECLASSIFICATION','OSEC-DECSB-TCH3 391568-2025','2025-06-28',NULL,NULL),(6159,'RICHARD T. VASQUEZ','TEACHER III (Secondary)','EUGENIA M. QUINTELA MEMORIAL HS','VINZONS','PERMANENT','RECLASSIFICATION','OSEC-DECSB-TCH3 392856-2025','2025-06-28',NULL,NULL),(6160,'RIZALYN J. VILLEGAS','TEACHER II (Elementary)','P. BARBIN ES','VINZONS','PERMANENT','RECLASSIFICATION','OSEC-DECSB-TCH2 390178-2025','2025-06-28',NULL,NULL),(6161,'ROAN P. MORAL','TEACHER III (Elementary)','CALABACA IS','CAPALONGA','PERMANENT','RECLASSIFICATION','OSEC-DECSB-TCH3 391076-2025','2025-06-28',NULL,NULL),(6162,'ROELYN C. BRAVO','TEACHER III (Elementary)','MACOLABO ES','PARACALE','PERMANENT','RECLASSIFICATION','OSEC-DECSB-TCH3 392851-2025','2025-06-28',NULL,NULL),(6163,'RONALD S. MARCA','TEACHER III (Secondary)','DELIA DIEZMO NATIONAL HS','CAPALONGA','PERMANENT','RECLASSIFICATION','OSEC-DECSB-TCH3 391111-2025','2025-06-28',NULL,NULL),(6164,'ROSEMARIE A. MASAYA','TEACHER III (Elementary)','PINAGBIRAYAN ES','PARACALE','PERMANENT','RECLASSIFICATION','OSEC-DECSB-TCH3 391520-2025','2025-06-28',NULL,NULL),(6165,'ROSHELLE M. MANTES','TEACHER III (Secondary)','DELIA DIEZMO NATIONAL HS','CAPALONGA','PERMANENT','RECLASSIFICATION','OSEC-DECSB-TCH3 391113-2025','2025-06-28',NULL,NULL),(6166,'SHIENA J. BARRAMEDA','TEACHER III (Secondary)','DELIA DIEZMO NATIONAL HS','CAPALONGA','PERMANENT','RECLASSIFICATION','OSEC-DECSB-TCH3 391108-2025','2025-06-28',NULL,NULL),(6167,'SUNSHINE E. MONTERO','TEACHER II (Elementary)','BAGUMBAYAN ES','PARACALE','PERMANENT','RECLASSIFICATION','OSEC-DECSB-TCH2 390199-2025','2025-06-28',NULL,NULL),(6168,'VANESSA E. LLACER','TEACHER III (Secondary)','BATOBALANI NATIONAL HS','PARACALE','PERMANENT','RECLASSIFICATION','OSEC-DECSB-TCH3 391532-2025','2025-06-28',NULL,NULL),(6169,'WILFREDO C. MANALO','SCHOOL PRINCIPAL III (Elementary)','SDO - CAM NORTE','DAET','PERMANENT','RECLASSIFICATION','OSEC-DECSB-SP3 390030-2025','2025-06-28',NULL,NULL),(6170,'WILFREDO D. HERNANDEZ JR.','TEACHER III (Elementary)','CALABACA IS','CAPALONGA','PERMANENT','RECLASSIFICATION','OSEC-DECSB-TCH3 391051-2025','2025-06-28',NULL,NULL),(6171,'WILMA E. CALUBAD','TEACHER III (Secondary)','FROILAN LOPEZ HS','SAN VICENTE - SAN LORENZO RUIZ','PERMANENT','RECLASSIFICATION','OSEC-DECSB-TCH3 391959-2025','2025-06-28',NULL,NULL),(6172,'KAREN P. TUMANENG','TEACHER III (Secondary)','CAMARINES NORTE NATIONAL HS','DAET','PERMANENT','RECLASSIFICATION','OSEC-DECSB-TCH3 391537-2025','2025-07-04',NULL,NULL),(6173,'ANN LORRAINE T. ROSILLA','TEACHER III (Secondary)','SAN PEDRO-DOMINGO LLARENA HS','STA. ELENA','PERMANENT','RECLASSIFICATION','OSEC-DECSB-TCH3 392866-2025','2025-07-04',NULL,NULL),(6174,'VIVIAN F. CAMBRONERO','TEACHER III (Elementary)','TULAY NA LUPA ES','LABO EAST','PERMANENT','RECLASSIFICATION','OSEC-DECSB-TCH3 391527-2025','2025-07-04',NULL,NULL),(6175,'MARIA SHIENA E. OIRA','TEACHER III (Elementary)','PANDAN ES','DAET NORTH','PERMANENT','RECLASSIFICATION','OSEC-DECSB-TCH3 391523-2025','2025-07-04',NULL,NULL),(6176,'MARILYN M. DORMIDO','TEACHER III (Elementary)','PLARIDEL ES','BASUD','PERMANENT','RECLASSIFICATION','OSEC-DECSB-TCH3 392662-2025','2025-07-04',NULL,NULL),(6177,'ABIGAEL D. CAMELON','TEACHER III (Secondary)','CALABACA IS','CAPALONGA','PERMANENT','RECLASSIFICATION','OSEC-DECSB-TCH3 391937-2025','2025-07-04',NULL,NULL),(6178,'SENEN L. GABUA','TEACHER III (Secondary)','CAMARINES NORTE NATIONAL HS','DAET','PERMANENT','RECLASSIFICATION','OSEC-DECSB-TCH3 391536-2025','2025-07-04',NULL,NULL),(6179,'LUZVIMINDA C. ENOVA','TEACHER III (Elementary)','UP ALAWIHAO RESETTLEMENT ES','DAET NORTH','PERMANENT','RECLASSIFICATION','OSEC-DECSB-TCH3 392672-2025','2025-07-04',NULL,NULL),(6180,'REYMARK B. BIGCAS','TEACHER III (Elementary)','JUEVES-TALENTO ES','CAPALONGA','PERMANENT','RECLASSIFICATION','OSEC-DECSB-TCH3 391910-2025','2025-07-04',NULL,NULL),(6181,'SHIELA C. BALANE','TEACHER III (Secondary)','VINZONS PILOT HS','VINZONS','PERMANENT','RECLASSIFICATION','OSEC-DECSB-TCH3 391571-2025','2025-07-04',NULL,NULL),(6182,'EXCEL H. VILLAFLORES','TEACHER III (Elementary)','DYGICO ES','STA. ELENA','PERMANENT','RECLASSIFICATION','OSEC-DECSB-TCH3 391480-2025','2025-07-04',NULL,NULL),(6183,'SARAH JANE L. DACILLO','TEACHER III (Elementary)','COBANGBANG ES','DAET SOUTH','PERMANENT','RECLASSIFICATION','OSEC-DECSB-TCH3 391494-2025','2025-07-04',NULL,NULL),(6184,'MARICEL E. DE QUIROS','TEACHER II (Elementary)','PARACALE CS','PARACALE','PERMANENT','RECLASSIFICATION','OSEC-DECSB-TCH2 390196-2025','2025-07-04',NULL,NULL),(6185,'RHEA S. CASALO','TEACHER II (Elementary)','BALCE ES','BASUD','PERMANENT','RECLASSIFICATION','OSEC-DECSB-TCH3 391393-2025','2025-07-04',NULL,NULL),(6186,'RICHARD L. BARROZO','TEACHER III (Elementary)','JUAN A. AMPARO ES','STA. ELENA','PERMANENT','RECLASSIFICATION','OSEC-DECSB-TCH3 391508-2025','2025-07-04',NULL,NULL),(6187,'MURIEL D. LICAS','TEACHER III (Elementary)','DYGICO ES','STA. ELENA','PERMANENT','RECLASSIFICATION','OSEC-DECSB-TCH3 391515-2025','2025-07-04',NULL,NULL),(6188,'AMY M. USERO','TEACHER III (Secondary)','BASUD NATIONAL HS','BASUD','PERMANENT','RECLASSIFICATION','OSEC-DECSB-TCH3 391398-2025','2025-07-04',NULL,NULL),(6189,'JEANETTE E. CAMPAÑA','TEACHER III (Elementary)','BAGASBAS ES','DAET NORTH','PERMANENT','RECLASSIFICATION','OSEC-DECSB-TCH3 391524-2025','2025-07-04',NULL,NULL),(6190,'AILA V. ROLDAN','TEACHER III (Elementary)','PETER SAWMILL ES','CAPALONGA','PERMANENT','RECLASSIFICATION','OSEC-DECSB-TCH3 391870-2025','2025-07-04',NULL,NULL),(6191,'HONEYLEEN M. BALDERAMA','TEACHER III (Elementary)','VILLA AURORA ES','CAPALONGA','PERMANENT','RECLASSIFICATION','OSEC-DECSB-TCH3 391871-2025','2025-07-04',NULL,NULL),(6192,'REBECCA A. VEGA','TEACHER II (Elementary)','TULAY NA LUPA ES','LABO EAST','PERMANENT','RECLASSIFICATION','OSEC-DECSB-TCH2 390203-2025','2025-07-04',NULL,NULL),(6193,'JAYRALD C. ECAP','TEACHER II (Elementary)','SOTERO MAGO ES','CAPALONGA','PERMANENT','RECLASSIFICATION','OSEC-DECSB-TCH2 390239-2025','2025-07-04',NULL,NULL),(6194,'ARLENE A. AZAÑA','TEACHER II (Elementary)','LANGA ES','BASUD','PERMANENT','RECLASSIFICATION','OSEC-DECSB-TCH2 390249-2025','2025-07-04',NULL,NULL),(6195,'MA. MYDA A. RAMOS','TEACHER III (Elementary)','MANCRUZ ES','DAET SOUTH','PERMANENT','RECLASSIFICATION','OSEC-DECSB-TCH3 391476-2025','2025-07-04',NULL,NULL),(6196,'ANIELYN B. GRAVADOR','TEACHER III (Elementary)','TALENTO-ROLL ES','CAPALONGA','PERMANENT','RECLASSIFICATION','OSEC-DECSB-TCH3 391912-2025','2025-07-04',NULL,NULL),(6197,'JOBERT S. GUTIERREZ','TEACHER III (Secondary)','MERCEDES HS','MERCEDES','PERMANENT','RECLASSIFICATION','OSEC-DECSB-TCH3 391557-2025','2025-07-04',NULL,NULL),(6198,'MYRA C. ERA','TEACHER III (Secondary)','SAN ROQUE NATIONAL HS','MERCEDES','PERMANENT','RECLASSIFICATION','OSEC-DECSB-TCH3 392864-2025','2025-07-04',NULL,NULL),(6199,'ARIES P. PURA','TEACHER III (Elementary)','FRANCISCO V. ALER ES','CAPALONGA','PERMANENT','RECLASSIFICATION','OSEC-DECSB-TCH3 391875-2025','2025-07-04',NULL,NULL),(6200,'MARY CLAIRE P. MAIGUE','TEACHER III (Secondary)','JOSE PANGANIBAN NATIONAL HS','JOSE PANGANIBAN','PERMANENT','RECLASSIFICATION','OSEC-DECSB-TCH3 391885-2025','2025-07-04',NULL,NULL),(6201,'ANALYN V. LAURON','TEACHER III (Elementary)','TULAY NA LUPA ES','LABO EAST','PERMANENT','RECLASSIFICATION','OSEC-DECSB-TCH3 391503-2025','2025-07-04',NULL,NULL),(6202,'EDEN L VALDEZ','TEACHER III (Elementary)','TALENTO-ROLL ES','CAPALONGA','PERMANENT','RECLASSIFICATION','OSEC-DECSB-TCH3 391911-2025','2025-07-04',NULL,NULL),(6203,'SHEILA MAY V. MARCA','TEACHER III (Elementary)','CATALINO GONZALES ES','CAPALONGA','PERMANENT','RECLASSIFICATION','OSEC-DECSB-TCH3 391880-2025','2025-07-04',NULL,NULL),(6204,'ALLYSA R. ZANTUA','TEACHER III (Elementary)','TUACA ES','BASUD','PERMANENT','RECLASSIFICATION','OSEC-DECSB-TCH3 392667-2025','2025-07-04',NULL,NULL),(6205,'VIOLA H. TALENTO','TEACHER III (Elementary)','TORRES-TALENTO ES','CAPALONGA','PERMANENT','RECLASSIFICATION','OSEC-DECSB-TCH3 391873-2025','2025-07-04',NULL,NULL),(6206,'EVA V. GARINO','TEACHER II (Elementary)','BULHAO ES','LABO EAST','PERMANENT','RECLASSIFICATION','OSEC-DECSB-TCH2 390247-2025','2025-07-04',NULL,NULL),(6207,'MARIFE P. RAGILES','TEACHER II (Elementary)','MAMPUNGO ES','PARACALE','PERMANENT','RECLASSIFICATION','OSEC-DECSB-TCH2 390197-2025','2025-07-04',NULL,NULL),(6208,'LORENA G. RAZO','TEACHER III (Elementary)','PINAGTIGASAN CALAGUAS ISLAND IS','VINZONS','PERMANENT','RECLASSIFICATION','OSEC-DECSB-TCH3 391468-2025','2025-07-04',NULL,NULL),(6209,'MARY ROSE V. HERNANDEZ','TEACHER II (Elementary)','TORRES-TALENTO ES','CAPALONGA','PERMANENT','RECLASSIFICATION','OSEC-DECSB-TCH2 390245-2025','2025-07-04',NULL,NULL),(6210,'MARITES B. TALENTO','TEACHER III (Elementary)','CALABACA IS','CAPALONGA','PERMANENT','RECLASSIFICATION','OSEC-DECSB-TCH2-391962-2025','2025-07-04',NULL,NULL),(6211,'JONAH S. PARALE','TEACHER III (Elementary)','BULHAO ES','LABO EAST','PERMANENT','RECLASSIFICATION','OSEC-DECSB-TCH3-392849-2025','2025-07-04',NULL,NULL),(6212,'ROSALIE A. MAIGUE','TEACHER II (Elementary)','BAGASBAS ES','DAET NORTH','PERMANENT','RECLASSIFICATION','OSEC-DECSB-TCH2-399187-2025','2025-07-04',NULL,NULL),(6213,'MARY ANN A. CELLS','TEACHER III (Elementary)','SAN ROQUE ES','CAPALONGA','PERMANENT','RECLASSIFICATION','OSEC-DECSB-TCH3-391482-2025','2025-07-04',NULL,NULL),(6214,'DARIUS A. CANA','TEACHER II (Secondary)','TULAY NA LUPA NATIONAL HS','LABO EAST','PERMANENT','PROMOTION','OSEC-DECSB-TCH2-390040-2017','2025-07-04',NULL,NULL),(6215,'CELSO E. CALAJATE','HEAD TEACHER I (Elementary)','SDO - CAM NORTE','SDO','PERMANENT','RECLASSIFICATION','OSEC-DECSB-HTEACH1-390066-2025','2025-07-04',NULL,NULL),(6216,'RHODA N. QUIJADA','TEACHER III (Elementary)','CAAYUNAN ES','BASUD','PERMANENT','RECLASSIFICATION','OSEC-DECSB-TCH3-391394-2025','2025-07-04',NULL,NULL),(6217,'DESERIE U. TERRINAL','TEACHER III (Secondary)','TALOBATIB HS','LABO EAST','PERMANENT','RECLASSIFICATION','OSEC-DECSB-TCH3-391922-2025','2025-07-04',NULL,NULL),(6218,'JANE ANTONETTE C. GADIL','TEACHER III (Secondary)','CAMARINES NORTE NATIONAL HS','DAET','PERMANENT','RECLASSIFICATION','OSEC-DECSB-TCH3-391932-2025','2025-07-04',NULL,NULL),(6219,'ARLENE A. AZASA','TEACHER II (Elementary)','LANGA ES','BASUD','PERMANENT','RECLASSIFICATION','OSEC-DECSB-TCH2-390249-2025','2025-07-04',NULL,NULL),(6220,'RHEA S. CASALO','TEACHER III (Elementary)','BALCE ES','BASUD','PERMANENT','RECLASSIFICATION','OSEC-DECSB-TCH3-391393-2025','2025-07-04',NULL,NULL),(6221,'CRISTINA S. GARDORA','TEACHER III (Secondary)','SAN PEDRO-DOMINGO LLARENA HS','STA. ELENA','PERMANENT','RECLASSIFICATION','OSEC-DECSB-TCH3-391579-2025','2025-07-04',NULL,NULL),(6222,'ANN LORRAINE T. ROSILLA','TEACHER III (Secondary)','SAN PEDRO-DOMINGO LLARENA HS','STA. ELENA','PERMANENT','RECLASSIFICATION','OSEC-DECSB-TCH3-392866-2025','2025-07-04',NULL,NULL),(6223,'MARY CLAIRE P. MAIGUE','TEACHER III (Secondary)','JOSE PANGANIBAN NATIONAL HS','JOSE PANGANIBAN','PERMANENT','RECLASSIFICATION','OSEC-DECSB-TCH3-391885-2025','2025-07-04',NULL,NULL),(6224,'ARIES P. PURA','TEACHER III (Elementary)','FRANCISCO V. ALER ES','CAPALONGA','PERMANENT','RECLASSIFICATION','OSEC-DECSB-TCH3-391875-2025','2025-07-04',NULL,NULL),(6225,'MYRA C. ERA','TEACHER III (Secondary)','SAN ROQUE NATIONAL HS','MERCEDES','PERMANENT','RECLASSIFICATION','OSEC-DECSB-TCH3-392864-2025','2025-07-04',NULL,NULL),(6226,'SARAH MAY G. ZABALA','TEACHER III (Secondary)','PABLO S. VILLAFUERTE HS','MERCEDES','PERMANENT','RECLASSIFICATION','OSEC-DECSB-TCH3-391557-2025','2025-07-08',NULL,NULL),(6227,'VENICE KHRISTINE B. MERA','TEACHER III (Secondary)','SAN ROQUE NATIONAL HS','MERCEDES','PERMANENT','RECLASSIFICATION','OSEC-DECSB-TCH3-391903-2025','2025-07-04',NULL,NULL),(6228,'AIKA P. ALCANZO','TEACHER III (Elementary)','TALENTO-ROLL ES','CAPALONGA','PERMANENT','RECLASSIFICATION','OSEC-DECSB-TCH3-391915-2025','2025-07-04',NULL,NULL),(6229,'MELODY Q. FRANCISCO','TEACHER III (Secondary)','RIZAL NATIONAL HS','STA. ELENA','PERMANENT','RECLASSIFICATION','OSEC-DECSB-TCH3-391559-2025','2025-07-04',NULL,NULL),(6230,'LOVELY C. ARIOLA','TEACHER III (Secondary)','MORENO IS','DAET NORTH','PERMANENT','RECLASSIFICATION','OSEC-DECSB-TCH3-391142-2025','2025-07-04',NULL,NULL),(6231,'ALMA T. MAXIMO','TEACHER III (Elementary)','BAGASBAS ES','DAET NORTH','PERMANENT','RECLASSIFICATION','OSEC-DECSB-TCH3-391465-2025','2025-07-04',NULL,NULL),(6232,'MICHELLE V. HAO','TEACHER III (Elementary)','STA. ELENA IS','STA. ELENA','PERMANENT','RECLASSIFICATION','OSEC-DECSB-TCH3-391906-2025','2025-07-04',NULL,NULL),(6233,'MARIA CRISTINA D. ALIWALAS','TEACHER II (Elementary)','UP ALAWIHAO RESETTLEMENT ES','DAET NORTH','PERMANENT','RECLASSIFICATION','OSEC-DECSB-TCH2-390190-2025','2025-07-04',NULL,NULL),(6234,'LANE M. PARALE','TEACHER II (Elementary)','PANDAN ES','DAET NORTH','PERMANENT','RECLASSIFICATION','OSEC-DECSB-TCH2-390206-2025','2025-07-04',NULL,NULL),(6235,'ANELYN B. VILLEGAS','TEACHER III (Secondary)','LABO ES','LABO EAST','PERMANENT','RECLASSIFICATION','OSEC-DECSB-TCH3-391925-2025','2025-07-04',NULL,NULL),(6236,'RICARDO A. PAJARES','TEACHER II (Elementary)','PALALI IS','LABO WEST','PERMANENT','RECLASSIFICATION','OSEC-DECSB-TCH2-390201-2025','2025-07-04',NULL,NULL),(6237,'MARIANNE V. MENDOZA','TEACHER III (Secondary)','BATOBALANI NATIONAL HS','PARACALE','PERMANENT','RECLASSIFICATION','OSEC-DECSB-TCH3-392682-2025','2025-07-04',NULL,NULL),(6238,'MARY ANN A. CADIZ','TEACHER II (Elementary)','TRINO P. ZENAROSA ES','VINZONS','PERMANENT','RECLASSIFICATION','OSEC-DECSB-TCH2-390188-2025','2025-07-04',NULL,NULL),(6239,'DANICA A. PAYAPAG','TEACHER III (Secondary)','PARACALE NATIONAL HS','PARACALE','PERMANENT','RECLASSIFICATION','OSEC-DECSB-TCH3-392860-2025','2025-07-04',NULL,NULL),(6240,'MA. DONNA R. ABCEDE','TEACHER III (Elementary)','MENANDRO GUINTO ES','VINZONS','PERMANENT','RECLASSIFICATION','OSEC-DECSB-TCH3-391404-2025','2025-07-04',NULL,NULL),(6241,'JERALDINE C. MANULID','TEACHER III (Elementary)','SAN MAURICIO ES','JOSE PANGANIBAN EAST','PERMANENT','RECLASSIFICATION','OSEC-DECSB-TCH3-391882-2025','2025-07-04',NULL,NULL),(6242,'ROSE ANN BEVERLY C. CALVO','TEACHER III (Secondary)','JOSE PANGANIBAN NATIONAL HS','JOSE PANGANIBAN','PERMANENT','RECLASSIFICATION','OSEC-DECSB-TCH3-391549-2025','2025-07-04',NULL,NULL),(6243,'MARA GRACE V. SALE','TEACHER III (Elementary)','PAG-ASA ES','JOSE PANGANIBAN WEST','PERMANENT','RECLASSIFICATION','OSEC-DECSB-TCH3-391085-2025','2025-07-04',NULL,NULL),(6244,'CYNTHIA S. EBIO','TEACHER III (Elementary)','TALENTO-ROLL ES','CAPALONGA','PERMANENT','RECLASSIFICATION','OSEC-DECSB-TCH3-391916-2025','2025-07-04',NULL,NULL),(6245,'RHEALINDA R. BLANQUERA','TEACHER III (Secondary)','LABO ES','LABO EAST','PERMANENT','RECLASSIFICATION','OSEC-DECSB-TCH3-391926-2025','2025-07-04',NULL,NULL),(6246,'CARYN N. MARQUEZ','TEACHER III (Elementary)','CASIANO FLORENDO ES','CAPALONGA','PERMANENT','RECLASSIFICATION','OSEC-DECSB-TCH3-391872-2025','2025-07-04',NULL,NULL),(6247,'LILIAN L. ARGUELLES','TEACHER III (Elementary)','TALENTO-ROLL ES','CAPALONGA','PERMANENT','RECLASSIFICATION','OSEC-DECSB-TCH3-391913-2025','2025-07-04',NULL,NULL),(6248,'ELLEN GRACE B. NOLASCO','TEACHER III (Secondary)','JOSE PANGANIBAN NATIONAL HS','JOSE PANGANIBAN','PERMANENT','RECLASSIFICATION','OSEC-DECSB-TCH3-391551-2025','2025-07-04',NULL,NULL),(6249,'MARIALYN C. BEJISON','TEACHER III (Secondary)','CALABACA IS','CAPALONGA','PERMANENT','RECLASSIFICATION','OSEC-DECSB-TCH3-391936-2025','2025-07-04',NULL,NULL),(6250,'LITO A. ESPIRITU','TEACHER III (Elementary)','PINAGWARASAN ES','BASUD','PERMANENT','RECLASSIFICATION','OSEC-DECSB-TCH3-391395-2025','2025-07-04',NULL,NULL),(6251,'ANDREA B. SABEROLA','TEACHER III (Elementary)','PETER SAWMILL ES','CAPALONGA','PERMANENT','RECLASSIFICATION','OSEC-DECSB-TCH3-391908-2025','2025-07-04',NULL,NULL),(6252,'JOAN C. SAMPAGA','TEACHER III (Elementary)','PLARIDEL ES','BASUD','PERMANENT','RECLASSIFICATION','OSEC-DECSB-TCH3-392671-2025','2025-07-04',NULL,NULL),(6253,'MALOU A. ISUELA','TEACHER III (Elementary)','BAGASBAS ES','DAET NORTH','PERMANENT','RECLASSIFICATION','OSEC-DECSB-TCH3-391390-2025','2025-07-04',NULL,NULL),(6254,'DIONEL O. ARCHIVIDO','HEAD TEACHER I (Elementary)','SDO - CAM NORTE','SDO','PERMANENT','RECLASSIFICATION','OSEC-DECSB-HTEACH1-390044-2025','2025-07-04',NULL,NULL),(6255,'ALAN A. MENDEZ','TEACHER III (Secondary)','TALOBATIB HS','LABO EAST','PERMANENT','RECLASSIFICATION','OSEC-DECSB-TCH3-391538-2025','2025-07-04',NULL,NULL),(6256,'DELIA B. BARDON','TEACHER III (Secondary)','TALOBATIB HS','LABO EAST','PERMANENT','RECLASSIFICATION','OSEC-DECSB-TCH3-391923-2025','2025-07-04',NULL,NULL),(6257,'AIZA G. PEICIAREDONDO','TEACHER III (Elementary)','CAAYUNAN ES','BASUD','PERMANENT','RECLASSIFICATION','OSEC-DECSB-TCH3-391927-2025','2025-07-04',NULL,NULL),(6258,'RUMER GLEN M. BROGADA','TEACHER III (Elementary)','CAMACHO ALER ES','CAPALONGA','PERMANENT','RECLASSIFICATION','OSEC-DECSB-TCH3-391879-2025','2025-07-04',NULL,NULL),(6259,'JOYCE E. MANAOG','TEACHER III (Secondary)','STA. CRUZ NATIONAL HS','JOSE PANGANIBAN','PERMANENT','RECLASSIFICATION','OSEC-DECSB-TCH3-391562-2025','2025-07-04',NULL,NULL),(6260,'JOANNAH JOYCE B. ESPAÑOL','TEACHER II (Secondary)','TIGBINAN NATIONAL HS','LABO WEST','PERMANENT','RECLASSIFICATION','OSEC-DECSB-TCH2-390253-2025','2025-07-04',NULL,NULL),(6261,'AIZA I. VILLAGARCIA','TEACHER III (Secondary)','SAN MAURICIO ES','JOSE PANGANIBAN EAST','PERMANENT','RECLASSIFICATION','OSEC-DECSB-TCH3-392669-2025','2025-07-04',NULL,NULL),(6262,'AMELIA J. BENAMIRA','TEACHER II (Elementary)','TULAY NA LUPA ES','LABO EAST','PERMANENT','RECLASSIFICATION','OSEC-DECSB-TCH2-390193.-2025','2025-07-04',NULL,NULL),(6263,'LOVELY MICHELLE O. FERNANDEZ','TEACHER III (Elementary)','DON S. CARRANCEJA MS','DAET SOUTH','PERMANENT','RECLASSIFICATION','OSEC-DECSB-TCH3-391469-2025','2025-07-04',NULL,NULL),(6264,'LOVELY S. ESCARTIN','TEACHER III (Elementary)','PORTUGAL CHAVEZ ES','CAPALONGA','PERMANENT','RECLASSIFICATION','OSEC-DECSB-TCH3-391014-2025','2025-07-04',NULL,NULL),(6265,'MARJORIE B. MAGO','TEACHER III (Elementary)','E. OBMAÑA ES','LABO EAST','PERMANENT','RECLASSIFICATION','OSEC-DECSB-TCH3-391921-2025','2025-07-04',NULL,NULL),(6266,'MARICAR P. TENORIO','TEACHER III (Elementary)','BAGASBAS ES','DAET NORTH','PERMANENT','RECLASSIFICATION','OSEC-DECSB-TCH3-391507-2025','2025-07-04',NULL,NULL),(6267,'RICHARD D. OPEDA','TEACHER III (Secondary)','STA. CRUZ NATIONAL HS','JOSE PANGANIBAN','PERMANENT','RECLASSIFICATION','OSEC-DECSB-TCH3-391888-2025','2025-07-04',NULL,NULL),(6268,'JOVELINE G. RIEZA','TEACHER III (Elementary)','F. CAUDILLA ES','LABO WEST','PERMANENT','RECLASSIFICATION','OSEC-DECSB-TCH3-391938-2025','2025-07-04',NULL,NULL),(6269,'ARIANNE G. DE LA CRUZ','TEACHER III (Elementary)','GREGORIO PIMENTEL MS','DAET SOUTH','PERMANENT','RECLASSIFICATION','OSEC-DECSB-TCH3-391466-2025','2025-07-04',NULL,NULL),(6270,'RICA A. MAGO','TEACHER III (Secondary)','TIGBINAN NATIONAL HS','LABO WEST','PERMANENT','RECLASSIFICATION','OSEC-DECSB-TCH3-391563-2025','2025-07-04',NULL,NULL),(6271,'MENETH JANE L. BASCON','TEACHER III (Elementary)','MAULAWIN ES','STA. ELENA','PERMANENT','RECLASSIFICATION','OSEC-DECSB-TCH3-391931-2025','2025-07-04',NULL,NULL),(6272,'DARWIN A. CERENO','TEACHER III (Secondary)','TALOBATIB HS','LABO EAST','PERMANENT','RECLASSIFICATION','OSEC-DECSB-TCH3-391924-2025','2025-07-04',NULL,NULL),(6273,'MARITES T. ESTABAYA','TEACHER III (Secondary)','MAGSAYSAY NATIONAL HS','CAPALONGA','PERMANENT','RECLASSIFICATION','OSEC-DECSB-TCH3-391173-2025','2025-07-04',NULL,NULL),(6274,'ANJENETTE L. VIOLATA','TEACHER III (Elementary)','SAN VICENTE CS','SAN VICENTE - SAN LORENZO RUIZ','PERMANENT','RECLASSIFICATION','OSEC-DECSB-TCH3-391954-2025','2025-07-04',NULL,NULL),(6275,'CARL LOUIE M. CATAROJA','TEACHER III (Secondary)','E.P BORJA HS','STA. ELENA','PERMANENT','RECLASSIFICATION','OSEC-DECSB-TCH3-392676-2025','2025-07-04',NULL,NULL),(6276,'MA. MYDA A. RAMOS','TEACHER III (Elementary)','MANCRUZ ES','DAET SOUTH','PERMANENT','RECLASSIFICATION','OSEC-DECSB-TCH3-391476-2025','2025-07-04',NULL,NULL),(6277,'ANIELYN B. GRAVADOR','TEACHER III (Elementary)','TALENTO-ROLL ES','CAPALONGA','PERMANENT','RECLASSIFICATION','OSEC-DECSB-TCH3-391912-2025','2025-07-04',NULL,NULL),(6278,'ANALYN V. LAURON','TEACHER III (Elementary)','TULAY NA LUPA ES','LABO EAST','PERMANENT','RECLASSIFICATION','OSEC-DECSB-TCH3-391503-2025','2025-07-04',NULL,NULL),(6279,'EDEN L VALDEZ','TEACHER III (Elementary)','TALENTO-ROLL ES','CAPALONGA','PERMANENT','RECLASSIFICATION','OSEC-DECSB-TCH3-391911-2025','2025-07-04',NULL,NULL),(6280,'JOMAR S. GADI','TEACHER III (Secondary)','VINZONS PILOT HS','VINZONS','PERMANENT','RECLASSIFICATION','OSEC-DECSB-TCH3-390211-2025','2025-07-04',NULL,NULL),(6281,'ANNA MARIE S. ODI','TEACHER III (Secondary)','VINZONS PILOT HS','VINZONS','PERMANENT','RECLASSIFICATION','OSEC-DECSB-TCH3-391569-2025','2025-07-04',NULL,NULL),(6282,'SHEILA MAY V. MARCA','TEACHER III (Elementary)','CATALINO GONZALES ES','CAPALONGA','PERMANENT','RECLASSIFICATION','OSEC-DECSB-TCH3-391880-2025','2025-07-04',NULL,NULL),(6283,'LUNINGNING M. BATALLER','TEACHER III (Elementary)','MAMPUNGO ES','PARACALE','PERMANENT','RECLASSIFICATION','OSEC-DECSB-TCH3-391401-2025','2025-07-04',NULL,NULL),(6284,'ALLYSA R. ZANTUA','TEACHER III (Elementary)','TUACA ES','BASUD','PERMANENT','RECLASSIFICATION','OSEC-DECSB-TCH3-392667-2025','2025-07-04',NULL,NULL),(6285,'JAZZER P. SALAZAR','TEACHER III (Elementary)','GUMAUS ES','PARACALE','PERMANENT','RECLASSIFICATION','OSEC-DECSB-TCH3-391458-2025','2025-07-04',NULL,NULL),(6286,'VIOLA H. TALENTO','TEACHER III (Elementary)','TORRES-TALENTO ES','CAPALONGA','PERMANENT','RECLASSIFICATION','OSEC-DECSB-TCH3-391873-2025','2025-07-04',NULL,NULL),(6287,'EVA V. GARINO','TEACHER II (Elementary)','BULHAO ES','LABO EAST','PERMANENT','RECLASSIFICATION','OSEC-DECSB-TCH2-390247-2025','2025-07-04',NULL,NULL),(6288,'MARIFE P. RAGILES','TEACHER II (Elementary)','MAMPUNGO ES','PARACALE','PERMANENT','RECLASSIFICATION','OSEC-DECSB-TCH2-390197-2025','2025-07-04',NULL,NULL),(6289,'LORENA G. RAZO','TEACHER III (Elementary)','PINAGTIGASAN CALAGUAS ISLAND IS','VINZONS','PERMANENT','RECLASSIFICATION','OSEC-DECSB-TCH3-391468-2025','2025-07-04',NULL,NULL),(6290,'JAYSON B. CULI','TEACHER I (Elementary)','TORRES-TALENTO ES','CAPALONGA','SUBSTITUTE','REEMPLOYMENT','OSEC-DECSB-TCH2-390245-2025','2025-07-08',NULL,'MATERNITY LEAVE EFFECTIVE 04/29/25 - 08/11/2025'),(6291,'MARITES B. TALENTO','TEACHER III (Secondary)','CALABACA IS','CAPALONGA','PERMANENT','RECLASSIFICATION','OSEC-DECSB-TCH3-391962-2025','2025-07-04',NULL,NULL),(6292,'JONAH S. PARALE','TEACHER III (Elementary)','BULHAO ES','LABO EAST','PERMANENT','RECLASSIFICATION','OSEC-DECSB-TCH2-392849-2025','2025-07-04',NULL,NULL),(6293,'HANNA VICHELLE B. NAVARRO','TEACHER III (Elementary)','PALANAS ES','PARACALE','PERMANENT','RECLASSIFICATION','OSEC-DECSB-TCH3-391456-2025','2025-07-04',NULL,NULL),(6294,'LIOMAR V. PLAZO','TEACHER III (Elementary)','MARCA MURILLO ES','CAPALONGA','PERMANENT','RECLASSIFICATION','OSEC-DECSB-TCH3-391454-2025','2025-07-04',NULL,NULL),(6295,'NIMFA R BRAGAIS','TEACHER III (Elementary)','PETER SAWMILL ES','CAPALONGA','PERMANENT','RECLASSIFICATION','OSEC-DECSB-TCH3-391914-2025','2025-07-04',NULL,NULL),(6296,'ZARAH MAY R. MAGO','TEACHER III (Elementary)','SOTERO MAGO ES','CAPALONGA','PERMANENT','RECLASSIFICATION','OSEC-DECSB-TCH3-391928-2025','2025-07-04',NULL,NULL),(6297,'MARICEL N. IBASCO','TEACHER II (Secondary)','SAN PEDRO-DOMINGO LLARENA HS','STA. ELENA','PERMANENT','RECLASSIFICATION','OSEC-DECSB-TCH2-390213-2025','2025-07-04',NULL,NULL),(6298,'MARY JOY M. RELLOMA','TEACHER III (Elementary)','PETER SAWMILL ES','CAPALONGA','PERMANENT','RECLASSIFICATION','OSEC-DECSB-TCH3-391907-2025','2025-07-04',NULL,NULL),(6299,'JOHN PAUL M. ALANO','TEACHER III (Elementary)','SAN ROQUE ES','CAPALONGA','PERMANENT','RECLASSIFICATION','OSEC-DECSB-TCH3-391904-2025','2025-07-04',NULL,NULL),(6300,'WHINA JOY C. TOJON','TEACHER III (Elementary)','TALENTO-ROLL ES','CAPALONGA','PERMANENT','RECLASSIFICATION','OSEC-DECSB-TCH3-391876-2025','2025-07-04',NULL,NULL),(6301,'MERLYN A. ILAG','TEACHER III (Secondary)','LEOCADIO ALEJO ENTIENZA HS','STA. ELENA','PERMANENT','RECLASSIFICATION','OSEC-DECSB-TCH3-392688-2025','2025-07-04',NULL,NULL),(6302,'GLYSA MAE S. RARO','TEACHER III (Secondary)','SAN PEDRO-DOMINGO LLARENA HS','STA. ELENA','PERMANENT','RECLASSIFICATION','OSEC-DECSB-TCH3-391580-2025','2025-07-04',NULL,NULL),(6303,'KRISTINE A. MARBELLA','TEACHER II (Elementary)','GUITOL ES','STA. ELENA','PERMANENT','RECLASSIFICATION','OSEC-DECSB-TCH2-390204-2025','2025-07-04',NULL,NULL),(6304,'SHIRLEY S. BUENDIA','TEACHER III (Secondary)','MORENO IS','DAET NORTH','PERMANENT','RECLASSIFICATION','OSEC-DECSB-TCH3-391947-2025','2025-07-04',NULL,NULL),(6305,'KAYCEE D. CORTEZ','TEACHER II (Elementary)','TUACA ES','BASUD','PERMANENT','RECLASSIFICATION','OSEC-DECSB-TCH2-390327-2025','2025-07-04',NULL,NULL),(6306,'MELGIE L. MANCENIDO','TEACHER III (Secondary)','BASUD NATIONAL HS','BASUD','PERMANENT','RECLASSIFICATION','OSEC-DECSB-TCH3-392681-2025','2025-07-04',NULL,NULL),(6307,'MAE JASMIN A. SULLIVAN','TEACHER II (Secondary)','BASUD NATIONAL HS','BASUD','PERMANENT','RECLASSIFICATION','OSEC-DECSB-TCH2-390328-2025','2025-07-04',NULL,NULL),(6308,'CHRISTINE MARIE A. AMPER','TEACHER III (Secondary)','BASUD NATIONAL HS','BASUD','PERMANENT','RECLASSIFICATION','OSEC-DECSB-TCH3-392680-2025','2025-07-04',NULL,NULL),(6309,'MARIA KRISTINA VILLAR','TEACHER III (Elementary)','PALANAS ES','PARACALE','PERMANENT','RECLASSIFICATION','OSEC-DECSB-TCH3-391460-2025','2025-07-04',NULL,NULL),(6310,'AILEEN R. ISUELA','TEACHER III (Elementary)','TULAY NA LUPA ES','LABO EAST','PERMANENT','RECLASSIFICATION','OSEC-DECSB-TCH3-391940-2025','2025-07-04',NULL,NULL),(6311,'SHYLA S. BACUSIO','TEACHER III (Elementary)','AWITAN ES','DAET NORTH','PERMANENT','RECLASSIFICATION','OSEC-DECSB-TCH3-391457-2025','2025-07-04',NULL,NULL),(6312,'MONALIZA G. ALEJO','TEACHER III (Elementary)','TULAY NA LUPA ES','LABO EAST','PERMANENT','RECLASSIFICATION','OSEC-DECSB-TCH3-391526-2025','2025-07-04',NULL,NULL),(6313,'CHERRIE NI. SAENZ','TEACHER II (Elementary)','TULAY NA LUPA ES','LABO EAST','PERMANENT','RECLASSIFICATION','OSEC-DECSB-TCH2-390186-2025','2025-07-04',NULL,NULL),(6314,'JOCELYN Z. LIGSAY','TEACHER III (Secondary)','BASUD NATIONAL HS','BASUD','PERMANENT','RECLASSIFICATION','OSEC-DECSB-TCH3-392677-2025','2025-07-04',NULL,NULL),(6315,'SARAH JANE L. DACILLO','TEACHER III (Elementary)','COBANGBANG ES','DAET SOUTH','PERMANENT','RECLASSIFICATION','OSEC-DECSB-TCH3-391494-2025','2025-07-04',NULL,NULL),(6316,'EXCEL H. VILLAFLORES','TEACHER III (Elementary)','DYGICO ES','STA. ELENA','PERMANENT','RECLASSIFICATION','OSEC-DECSB-TCH3-391480-2025','2025-07-04',NULL,NULL),(6317,'SHIELA C. BALANE','TEACHER III (Secondary)','VINZONS PILOT HS','VINZONS','PERMANENT','RECLASSIFICATION','OSEC-DECSB-TCH3-391571-2025','2025-07-04',NULL,NULL),(6318,'REYMARK B. BIGCAS','TEACHER III (Elementary)','JUEVES-TALENTO ES','CAPALONGA','PERMANENT','RECLASSIFICATION','OSEC-DECSB-TCH3-391910-2025','2025-07-04',NULL,NULL),(6319,'MARILYN M. DORMIDO','TEACHER III (Elementary)','PLARIDEL ES','BASUD','PERMANENT','RECLASSIFICATION','OSEC-DECSB-TCH3-392672-2025','2025-07-04',NULL,NULL),(6320,'CHARMINE A. ESPESO','TEACHER II (Secondary)','TIGBINAN NATIONAL HS','LABO WEST','PERMANENT','RECLASSIFICATION','OSEC-DECSB-TCH2-390210-2025','2025-07-04',NULL,NULL),(6321,'MERLY M. RETIG','MASTER TEACHER II (Secondary)','BASUD NATIONAL HS','BASUD','PERMANENT','RECLASSIFICATION','OSEC-DECSB-MTCHR2-390084-2025','2025-07-04',NULL,NULL),(6322,'MISCHELLE D. HIDALGO','MASTER TEACHER II (Secondary)','BASUD NATIONAL HS','BASUD','PERMANENT','RECLASSIFICATION','OSEC-DECSB-MTCHR2-390049-2025','2025-07-04',NULL,NULL),(6323,'GLYSA MAE S. RARO','TEACHER III (Secondary)','VICTORIA J. TUACAR HS','CAPALONGA','PERMANENT','RECLASSIFICATION','OSEC-DECSB-TCH3-391935-2025','2025-07-04',NULL,NULL),(6324,'MYRNA B. VALEROS','TEACHER II (Elementary)','BULHAO ES','LABO EAST','PERMANENT','RECLASSIFICATION','OSEC-DECSB-TCH2-390248-2025','2025-07-04',NULL,NULL),(6325,'EVA S. BUENAOBRA','SCHOOL PRINCIPAL II (Elementary)','SDO - CAM NORTE','SDO','PERMANENT','RECLASSIFICATION','OSEC-DECSB-SP2-390019-2025','2025-07-04',NULL,NULL),(6326,'LANI T. QUIRONES','TEACHER III (Elementary)','PEDRO S. RADA ES','BASUD','PERMANENT','RECLASSIFICATION','OSEC-DECSB-TCH3-392665-2025','2025-07-04',NULL,NULL),(6327,'ISAGANI F. MUSA','MASTER TEACHER II (Secondary)','BASUD NATIONAL HS','BASUD','PERMANENT','RECLASSIFICATION','OSEC-DECSB-MTCHR2-390048-2025','2025-07-04',NULL,NULL),(6328,'REA D. LLANETA','TEACHER III (Elementary)','BINATAGAN ES','BASUD','PERMANENT','RECLASSIFICATION','OSEC-DECSB-TCH3-391391-2025','2025-07-04',NULL,NULL),(6329,'MICHAEL G. MOLINA','TEACHER III (Elementary)','PEDRO S. RADA ES','BASUD','PERMANENT','RECLASSIFICATION','OSEC-DECSB-TCH3-392670-2025','2025-07-04',NULL,NULL),(6330,'RUBYLYN D. SACRIZ','TEACHER III (Secondary)','DELIA DIEZMO NATIONAL HS','CAPALONGA','PERMANENT','RECLASSIFICATION','OSEC-DECSB-TCH3-391934-2025','2025-07-04',NULL,NULL),(6331,'MARISSA T. BALCE','TEACHER II (Elementary)','DON MIGUEL LUKBAN ES','LABO EAST','PERMANENT','RECLASSIFICATION','OSEC-DECSB-TCH2-390200-2025','2025-07-04',NULL,NULL),(6332,'JHONA MARIE A. DE LEON','TEACHER III (Secondary)','BASUD NATIONAL HS','BASUD','PERMANENT','RECLASSIFICATION','OSEC-DECSB-TCH3-392679-2025','2025-07-04',NULL,NULL),(6333,'AILYN P. DELA PEICIA','TEACHER III (Elementary)','FULGUERAS ES','BASUD','PERMANENT','RECLASSIFICATION','OSEC-DECSB-TCH3-391392-2025','2025-07-04',NULL,NULL),(6334,'NELSIELYN G. PASIA','TEACHER III (Secondary)','SAN PEDRO-DOMINGO LLARENA HS','STA. ELENA','PERMANENT','RECLASSIFICATION','OSEC-DECSB-TCH3-392867-2025','2025-07-04',NULL,NULL),(6335,'RUTH S. TOTANES','TEACHER III (Secondary)','MORENO IS','DAET NORTH','PERMANENT','RECLASSIFICATION','OSEC-DECSB-TCH3-391946-2025','2025-07-04',NULL,NULL),(6336,'HEIDE C. CORPUS','TEACHER III (Elementary)','TALENTO-ROLL ES','CAPALONGA','PERMANENT','RECLASSIFICATION','OSEC-DECSB-TCH3-391909-2025','2025-07-04',NULL,NULL),(6337,'CZARINA D. ECHAVEZ','TEACHER III (Elementary)','DIEZMO URENA ES','CAPALONGA','PERMANENT','RECLASSIFICATION','OSEC-DECSB-TCH3-391878-2025','2025-07-04',NULL,NULL),(6338,'MARICAR D. VILLAFLORES','TEACHER II (Elementary)','BULHAO ES','LABO EAST','PERMANENT','RECLASSIFICATION','OSEC-DECSB-TCH2-390202-2025','2025-07-04',NULL,NULL),(6339,'ARRA R. REVIERTA','TEACHER II (Elementary)','SAN MAURICIO ES','JOSE PANGANIBAN EAST','PERMANENT','RECLASSIFICATION','OSEC-DECSB-TCH2-390198-2025','2025-07-04',NULL,NULL),(6340,'KRISTINE A. ORLANDA','TEACHER III (Elementary)','DYGICO ES','STA. ELENA','PERMANENT','RECLASSIFICATION','OSEC-DECSB-TCH3-390191-2025','2025-07-04',NULL,NULL),(6341,'EDITHA O. BALIZA','TEACHER II (Elementary)','TULAY NA LUPA ES','LABO EAST','PERMANENT','RECLASSIFICATION','OSEC-DECSB-TCH2-390191-2025','2025-07-04',NULL,NULL),(6342,'MAY V. BADONG','TEACHER III (Elementary)','FUNDADO ES','LABO EAST','PERMANENT','RECLASSIFICATION','OSEC-DECSB-TCH3-391489-2025','2025-07-04',NULL,NULL),(6343,'FRANCES MAY P. NILLO','TEACHER II (Secondary)','ALAWIHAO NATIONAL HS','DAET','PERMANENT','RECLASSIFICATION','OSEC-DECSB-TCH2-390214-2025','2025-07-04',NULL,NULL),(6344,'CHONA V. ABINA','TEACHER III (Elementary)','BAGONG SILANG II ES','LABO WEST','PERMANENT','RECLASSIFICATION','OSEC-DECSB-TCH3-391473-2025','2025-07-04',NULL,NULL),(6345,'JENESSA MAE R. ABIHAY','TEACHER II (Elementary)','MAMBUNGALON ES','MERCEDES','PERMANENT','RECLASSIFICATION','OSEC-DECSB-TCH2-390194-2025','2025-07-08',NULL,NULL),(6346,'FERNANDO T. ACERON JR.','TEACHER III (Secondary)','EUGENIA M. QUINTELA MEMORIAL HS','VINZONS','PERMANENT','RECLASSIFICATION','OSEC-DECSB-TCH3-391944-2025','2025-07-08',NULL,NULL),(6347,'JESSALYN B. ALADEZA','TEACHER III (Elementary)','COLASI IS','MERCEDES','PERMANENT','RECLASSIFICATION','OSEC-DECSB-TCH3-391464-2025','2025-07-08',NULL,NULL),(6348,'MARK ANTHONY J. ALBOS','TEACHER III (Elementary)','COLASI IS','MERCEDES','PERMANENT','RECLASSIFICATION','OSEC-DECSB-TCH3-391576-2025','2025-07-08',NULL,NULL),(6349,'RICA MAE B. ALTAVANO','TEACHER III (Elementary)','ULIPANAN ES','JOSE PANGANIBAN WEST','PERMANENT','RECLASSIFICATION','OSEC-DECSB-TCH3-391471-2025','2025-07-08',NULL,NULL),(6350,'KIMBERLY R. ARGAMOSA','TEACHER III (Elementary)','LANOT ES','MERCEDES','PERMANENT','RECLASSIFICATION','OSEC-DECSB-TCH3-391883-2025','2025-07-08',NULL,NULL),(6351,'MARECHEL N. AUXILIO','TEACHER III (Secondary)','MANGUISOC NATIONAL HS','MERCEDES','PERMANENT','RECLASSIFICATION','OSEC-DECSB-TCH3-391902-2025','2025-07-08',NULL,NULL),(6352,'CHRISTYL JOY P. BAAY','TEACHER III (Elementary)','L. D. BAMBA ES','JOSE PANGANIBAN WEST','PERMANENT','RECLASSIFICATION','OSEC-DECSB-TCH3-391901-2025','2025-07-08',NULL,NULL),(6353,'GEMAFER D. BABANTO','TEACHER III (Elementary)','REGINO A. YET IS','JOSE PANGANIBAN EAST','PERMANENT','RECLASSIFICATION','OSEC-DECSB-TCH3-391488-2025','2025-07-08',NULL,NULL),(6354,'JINKY M. BALOLOY','TEACHER III (Elementary)','JOSE PANGANIBAN ES','JOSE PANGANIBAN EAST','PERMANENT','RECLASSIFICATION','OSEC-DECSB-TCH3-391894-2025','2025-07-08',NULL,NULL),(6355,'EMERLYN B. BARRAMEDA','TEACHER III (Elementary)','REGINO A. YET IS','JOSE PANGANIBAN EAST','PERMANENT','RECLASSIFICATION','OSEC-DECSB-TCH3-391930-2025','2025-07-08',NULL,NULL),(6356,'JHEORDINE M. BAUTISTA','TEACHER III (Secondary)','MANGUISOC NATIONAL HS','MERCEDES','PERMANENT','RECLASSIFICATION','OSEC-DECSB-TCH3-391075-2025','2025-07-08',NULL,NULL),(6357,'REGINA O. BEDIA','TEACHER III (Elementary)','MERCEDES ES','MERCEDES','PERMANENT','RECLASSIFICATION','OSEC-DECSB-TCH3-391478-2025','2025-07-08',NULL,NULL),(6358,'GRACE S. BERDON','TEACHER III (Secondary)','PABLO S. VILLAFUERTE HS','MERCEDES','PERMANENT','RECLASSIFICATION','OSEC-DECSB-TCH3-392858-2025','2025-07-08',NULL,NULL),(6359,'MARY JANE J. BROMA','TEACHER III (Secondary)','PABLO S. VILLAFUERTE HS','MERCEDES','PERMANENT','RECLASSIFICATION','OSEC-DECSB-TCH3-391891-2025','2025-07-08',NULL,NULL),(6360,'MA. CECELIA R. BRONDIAL','TEACHER III (Elementary)','MERCEDES ES','MERCEDES','PERMANENT','RECLASSIFICATION','OSEC-DECSB-TCH3-392663-2025','2025-07-08',NULL,NULL),(6361,'CHRISTINA B. CAMA','TEACHER III (Elementary)','COLASI IS','MERCEDES','PERMANENT','RECLASSIFICATION','OSEC-DECSB-TCH3-391485-2025','2025-07-08',NULL,NULL),(6362,'RODERICK U. CAPACIO','TEACHER III (Secondary)','GAWAD KALINGA HS','JOSE PANGANIBAN','PERMANENT','RECLASSIFICATION','OSEC-DECSB-TCH3-391578-2025','2025-07-08',NULL,NULL),(6363,'LADYLYN B. CAPIRAL','TEACHER III (Elementary)','CAPALONGA CS','CAPALONGA','PERMANENT','RECLASSIFICATION','OSEC-DECSB-TCH3-391905-2025','2025-07-08',NULL,NULL),(6364,'ROMEO D. CAUSE JR.','TEACHER II (Secondary)','GAWAD KALINGA HS','JOSE PANGANIBAN','PERMANENT','RECLASSIFICATION','OSEC-DECSB-TCH2-390212-2025','2025-07-08',NULL,NULL),(6365,'ELSIE G. DASCO','TEACHER III (Elementary)','CRESENCIA B. ENVERGA ES','JOSE PANGANIBAN WEST','PERMANENT','RECLASSIFICATION','OSEC-DECSB-TCH3-391929-2025','2025-07-08',NULL,NULL),(6366,'JOSA A. DE LOS SANTOS','TEACHER III (Secondary)','PABLO S. VILLAFUERTE HS','MERCEDES','PERMANENT','RECLASSIFICATION','OSEC-DECSB-TCH3-391556-2025','2025-07-08',NULL,NULL),(6367,'JEAN Y. DE MESA','TEACHER III (Elementary)','JOSE PANGANIBAN ES','JOSE PANGANIBAN EAST','PERMANENT','RECLASSIFICATION','OSEC-DECSB-TCH3-391896-2025','2025-07-15',NULL,NULL),(6368,'MERIAM R. DE VILLA','TEACHER III (Secondary)','SABANG NATIONAL HS','VINZONS','PERMANENT','RECLASSIFICATION','OSEC-DECSB-TCH3-392863-2025','2025-07-08',NULL,NULL),(6369,'MYLIN A. DECENA','TEACHER II (Secondary)','MERCEDES HS','MERCEDES','PERMANENT','RECLASSIFICATION','OSEC-DECSB-TCH2-390329-2025','2025-07-08',NULL,NULL),(6370,'ALAIZA MAE L. DEFEO','TEACHER III (Elementary)','L. D. BAMBA ES','JOSE PANGANIBAN WEST','PERMANENT','RECLASSIFICATION','OSEC-DECSB-TCH3-391893-2025','2025-07-08',NULL,NULL),(6371,'JONALYN B. DESPABILADERAS','TEACHER III (Secondary)','JOSE PANGANIBAN ES','JOSE PANGANIBAN EAST','PERMANENT','RECLASSIFICATION','OSEC-DECSB-TCH3-391895-2025','2025-07-08',NULL,NULL),(6372,'MENCHY E. EVANO','TEACHER III (Elementary)','-','JOSE PANGANIBAN EAST','PERMANENT','RECLASSIFICATION','OSEC-DECSB-TCH3-391496-2025','2025-07-08',NULL,NULL),(6373,'BRILLY M. GENIO','TEACHER III (Elementary)','CAMACHO ALER ES','CAPALONGA','PERMANENT','RECLASSIFICATION','OSEC-DECSB-TCH3-391877-2025','2025-07-08',NULL,NULL),(6374,'JANINE MAY C. GRACILLA','TEACHER III (Elementary)','SAN JOSE ES','JOSE PANGANIBAN WEST','PERMANENT','RECLASSIFICATION','OSEC-DECSB-TCH3-391459-2025','2025-07-08',NULL,NULL),(6375,'EVELYN V. HERALDO','TEACHER III (Elementary)','REGINO A. YET IS','JOSE PANGANIBAN EAST','PERMANENT','RECLASSIFICATION','OSEC-DECSB-TCH3-391516-2025','2025-07-08',NULL,NULL),(6376,'KIMBERLY E. JAZARINO','TEACHER III (Elementary)','F. P. IBASCO ES','MERCEDES','PERMANENT','RECLASSIFICATION','OSEC-DECSB-TCH3-391900-2025','2025-07-08',NULL,NULL),(6377,'JULIE ANN E. LEVARDO','TEACHER III (Secondary)','LARAP NATIONAL HS','JOSE PANGANIBAN','PERMANENT','RECLASSIFICATION','OSEC-DECSB-TCH3-392859-2025','2025-07-08',NULL,NULL),(6378,'MARIVIC M. MAGDASOC','TEACHER III (Elementary)','STA. CATALINA ES','PARACALE','PERMANENT','RECLASSIFICATION','OSEC-DECSB-TCH3-391487-2025','2025-07-08',NULL,NULL),(6379,'JERSON B. MAHUSAY','TEACHER III (Elementary)','MANGUISOC ES','MERCEDES','PERMANENT','RECLASSIFICATION','OSEC-DECSB-TCH3-391897-2025','2025-07-08',NULL,NULL),(6380,'CHRISTY A. MANGA','TEACHER III (Secondary)','LARAP NATIONAL HS','JOSE PANGANIBAN','PERMANENT','RECLASSIFICATION','OSEC-DECSB-TCH3-391890-2025','2025-07-08',NULL,NULL),(6381,'EVANGELINE T. MANGA','TEACHER III (Elementary)','SAN MAURICIO ES','JOSE PANGANIBAN EAST','PERMANENT','RECLASSIFICATION','OSEC-DECSB-TCH3-392664-2025','2025-07-08',NULL,NULL),(6382,'MANILYN V. NEWMAN','TEACHER II (Elementary)','MANGUISOC ES','MERCEDES','PERMANENT','RECLASSIFICATION','OSEC-DECSB-TCH2-390241-2025','2025-07-08',NULL,NULL),(6383,'NELLYBETH A. PESTANO','TEACHER III (Elementary)','COLASI IS','MERCEDES','PERMANENT','RECLASSIFICATION','OSEC-DECSB-TCH3-391486-2025','2025-07-08',NULL,NULL),(6384,'ARLENE A. POLICARPIO','TEACHER II (Elementary)','COLASI IS','MERCEDES','PERMANENT','RECLASSIFICATION','OSEC-DECSB-TCH2-390195-2025','2025-07-08',NULL,NULL),(6385,'LAARNI U. QUINONES','TEACHER II (Elementary)','MERCEDES ES','MERCEDES','PERMANENT','RECLASSIFICATION','OSEC-DECSB-TCH2-390345-2025','2025-07-08',NULL,NULL),(6386,'JANET C. RAMIREZ','TEACHER II (Elementary)','LARAP NATIONAL HS','JOSE PANGANIBAN','PERMANENT','RECLASSIFICATION','OSEC-DECSB-TCH2-390207-2025','2025-07-08',NULL,NULL),(6387,'ANGEL R. REN JR.','TEACHER III (Elementary)','-','CAPALONGA','PERMANENT','RECLASSIFICATION','OSEC-DECSB-TCH3-391874-2025','2025-07-08',NULL,NULL),(6388,'CRISTY B. ROJAS','TEACHER III (Elementary)','V. GABO ES','JOSE PANGANIBAN WEST','PERMANENT','RECLASSIFICATION','OSEC-DECSB-TCH3-391898-2025','2025-07-08',NULL,NULL),(6389,'SARAH JANE G. ROYOL','TEACHER III (Elementary)','MASALONGSALONG ES','MERCEDES','PERMANENT','RECLASSIFICATION','OSEC-DECSB-TCH3-391899-2025','2025-07-08',NULL,NULL),(6390,'ROSALYN S. TABILOG','TEACHER III (Elementary)','V. GABO ES','JOSE PANGANIBAN WEST','PERMANENT','RECLASSIFICATION','OSEC-DECSB-TCH3-391498-2025','2025-07-08',NULL,NULL),(6391,'ANGELA B. TAMBAL','TEACHER II (Elementary)','LOPE MANLANGIT ES','MERCEDES','PERMANENT','RECLASSIFICATION','OSEC-DECSB-TCH2-390205-2025','2025-07-08',NULL,NULL),(6392,'IMELYN S. TENERIFE','TEACHER III (Secondary)','JOSE PANGANIBAN NATIONAL HS','JOSE PANGANIBAN','PERMANENT','RECLASSIFICATION','OSEC-DECSB-TCH3-391887-2025','2025-07-08',NULL,NULL),(6393,'RONALD V. TEOXON','TEACHER III (Secondary)','LARAP NATIONAL HS','JOSE PANGANIBAN','PERMANENT','RECLASSIFICATION','OSEC-DECSB-TCH3-391889-2025','2025-07-08',NULL,NULL),(6394,'MELINDA R. TRIENTA','TEACHER II (Elementary)','MANGUISOC ES','MERCEDES','PERMANENT','RECLASSIFICATION','OSEC-DECSB-TCH2-390243-2025','2025-07-08',NULL,NULL),(6395,'REGINE JOY M. TRINIDAD','TEACHER III (Elementary)','V. GABO ES','JOSE PANGANIBAN WEST','PERMANENT','RECLASSIFICATION','OSEC-DECSB-TCH3-391942-2025','2025-07-08',NULL,NULL),(6396,'EUNICE JOYCE E. VARGAS','TEACHER II (Elementary)','MANGUISOC ES','MERCEDES','PERMANENT','RECLASSIFICATION','OSEC-DECSB-TCH2-390242-2025','2025-07-08',NULL,NULL),(6397,'KRISTINA T. VARGAS','TEACHER III (Elementary)','PULANTUNA ES','SAN VICENTE - SAN LORENZO RUIZ','PERMANENT','RECLASSIFICATION','OSEC-DECSB-TCH3-391951-2025','2025-07-08',NULL,NULL),(6398,'MARK JHON B. VIBAR','TEACHER III (Elementary)','-','JOSE PANGANIBAN WEST','PERMANENT','RECLASSIFICATION','OSEC-DECSB-TCH3-391884-2025','2025-07-08',NULL,NULL),(6399,'GUIA T. VILLAFRANCA','TEACHER I (Elementary)','DON MIGUEL LUKBAN ES','LABO EAST','SUBSTITUTE','ORIGINAL','OSEC-DECSB-TCH1-390656-2025','2025-07-08',NULL,'VACATION LEAVE EFFECTIVE 06/16/2025 - 12/19/2025'),(6400,'ALAINE M. VILLAGRACIA','TEACHER II (Elementary)','CRESENCIA B. ENVERGA ES','JOSE PANGANIBAN WEST','PERMANENT','RECLASSIFICATION','OSEC-DECSB-TCH2-390189-2025','2025-07-08',NULL,NULL),(6401,'MARJORIE MAE V. YAGO','TEACHER II (Elementary)','F. P. IBASCO ES','MERCEDES','PERMANENT','RECLASSIFICATION','OSEC-DECSB-TCH2-390240-2025','2025-07-08',NULL,NULL),(6402,'CRISTINE A. YANELA','TEACHER III (Secondary)','BATOBALANI NATIONAL HS','PARACALE','PERMANENT','RECLASSIFICATION','OSEC-DECSB-TCH3-391535-2025','2025-07-08',NULL,NULL),(6403,'ALYSSA S. DELA PERA','TEACHER III (Elementary)','STA. ELENA ES','JOSE PANGANIBAN WEST','PERMANENT','RECLASSIFICATION','OSEC-DECSB-TCH3-391490-2025','2025-07-12',NULL,NULL),(6404,'ANGELO S. GUZMAN','TEACHER II (Secondary)','LARAP NATIONAL HS','JOSE PANGANIBAN','PERMANENT','RECLASSIFICATION','OSEC-DECSB-TCH2-390252-2025','2025-07-12',NULL,NULL),(6405,'DONNA MAE A. PADERON','TEACHER III (Elementary)','SAN JOSE ES','JOSE PANGANIBAN WEST','PERMANENT','RECLASSIFICATION','OSEC-DECSB-TCH3-391881-2025','2025-07-12',NULL,NULL),(6406,'ERICA MAN D. PALAMIANO','TEACHER III (Elementary)','BASUD CS','BASUD','PERMANENT','RECLASSIFICATION','OSEC-DECSB-TCH3-392668-2025','2025-07-12',NULL,NULL),(6407,'FLORDELIZA T. ZANTUA','TEACHER III (Secondary)','PAGSANGAHAN IS','BASUD','PERMANENT','RECLASSIFICATION','OSEC-DECSB-TCH3-392691-2025','2025-07-12',NULL,NULL),(6408,'JENNY G. GUZMAN','TEACHER II (Secondary)','JOSE PANGANIBAN NATIONAL HS','JOSE PANGANIBAN','PERMANENT','RECLASSIFICATION','OSEC-DECSB-TCH2-390244-2025','2025-07-12',NULL,NULL),(6409,'JESSICA A. PREYRA','TEACHER I (Secondary)','MAXIMO MANARANG HS','PARACALE','SUBSTITUTE','ORIGINAL','OSEC-DECSB-TCH1-390658-2025','2025-07-12',NULL,'MATERNITY LEAVE 05/30/2025 - 09/12/2025'),(6410,'NORBERTO O. DAYLO JR.','HEAD TEACHER I (Elementary)','SDO - CAM NORTE','SDO','PERMANENT','RECLASSIFICATION','OSEC-DECSB-HTEACH1-390047-2025','2025-07-12',NULL,NULL),(6411,'KATRINA G. DALIT','MASTER TEACHER I (Secondary)','SAN FELIPE NATIONAL HS','BASUD','PERMANENT','RECLASSIFICATION','OSEC-DECSB-MTCHR1-390212-2025','2025-07-12',NULL,NULL),(6412,'KIER BRIAN R. DELA CRUZ','TEACHER III (Elementary)','PARANG ES','JOSE PANGANIBAN EAST','PERMANENT','RECLASSIFICATION','OSEC-DECSB-TCH3-391501-2025','2025-07-12',NULL,NULL),(6413,'KIM MARK G. SAYNO','TEACHER I (Secondary)','ANICETA DE LARA PIMENTEL HS','LABO EAST','SUBSTITUTE','ORIGINAL','OSEC-DECSB-TCH1-390328-2025','2025-07-12',NULL,'MATERNITY LEAVE EFFECTIVE 04/27/2025 - 08/09/2025'),(6414,'MADELAINE JOY A. SALUDES','TEACHER III (Secondary)','JOSE PANGANIBAN NATIONAL HS','JOSE PANGANIBAN','PERMANENT','RECLASSIFICATION','OSEC-DECSB-TCH3-392683-2025','2025-07-12',NULL,NULL),(6415,'MANILYN Y. BERNARDO','TEACHER I (Elementary)','BRIÑAS ES','BASUD','SUBSTITUTE','ORIGINAL','OSEC-DECSB-TCH1-390067-2025','2025-07-12',NULL,'Sick Leave from 6/16/25-8/16/25'),(6416,'MARIO O. ABANADOR','HEAD TEACHER II (Elementary)','SDO - CAM NORTE','SDO','PERMANENT','RECLASSIFICATION','OSEC-DECSB-HTEACH2-390004-2025','2025-07-12',NULL,NULL),(6417,'MICHELLE B. CONSIVIDO','TEACHER III (Secondary)','SAN FELIPE NATIONAL HS','BASUD','PERMANENT','RECLASSIFICATION','OSEC-DECSB-TCH3-392684-2025','2025-07-12',NULL,NULL),(6418,'ROBINSON C. FRILLES','HEAD TEACHER I (Elementary)','SDO - CAM NORTE','SDO','PERMANENT','RECLASSIFICATION','OSEC-DECSB-HTEACH1-390094-2025','2025-07-12',NULL,NULL),(6419,'JULIE ANN D. BARRIOS','TEACHER III (Secondary)','JOSE PANGANIBAN NATIONAL HS','JOSE PANGANIBAN','PERMANENT','RECLASSIFICATION','OSEC-DECSB-TCH3-391945-2025','2025-07-12',NULL,NULL),(6420,'SHEINLY DIEZMO','TEACHER III (Elementary)','GABOC ES','MERCEDES','PERMANENT','RECLASSIFICATION','OSEC-DECSB-TCH3-391474-2025','2025-07-12',NULL,NULL),(6421,'SONNY R. ICO','TEACHER III (Elementary)','SAN JOSE ES','JOSE PANGANIBAN WEST','PERMANENT','RECLASSIFICATION','OSEC-DECSB-TCH3-391470-2025','2025-07-12',NULL,NULL),(6422,'KRISTINE C. JAZARINO','TEACHER I (Elementary)','B.U. OLIS ES','SAN VICENTE - SAN LORENZO RUIZ','SUBSTITUTE','ORIGINAL','OSEC-DECSB-TCH3-392235-2025','2025-07-13',NULL,'ML 5/2/2025-8/14/2025'),(6423,'MARIE THERESE C. AUSTRIA','TEACHER III (Secondary)','GUMAUS NATIONAL HS','PARACALE','PERMANENT','RECLASSIFICATION','OSEC-DECSB-TCH3-392857-2025','2025-07-13',NULL,NULL),(6424,'VIEL A. VALEROS','TEACHER I (Elementary)','JOSE PANGANIBAN NATIONAL HS','JOSE PANGANIBAN','SUBSTITUTE','ORIGINAL','OSEC-DECSB-TCH3-392803-2025','2025-07-13',NULL,'MATERNITY LEAVE EFFECTIVE 05/17/2025 - 08/26/2025'),(6425,'JOEY P. PEÑAREDONDO','TEACHER I (Secondary)','HINAMPACAN ES','BASUD','SUBSTITUTE','ORIGINAL','OSEC-DECSB-TCH1-413681-2025','2025-07-13',NULL,'Maternity Leave from 5/25/25-9/6/25'),(6426,'JOLINA V. ABANES','TEACHER II (Elementary)','MAMPUROG ES','SAN VICENTE - SAN LORENZO RUIZ','PERMANENT','RECLASSIFICATION','OSEC-DECSB-TCH2-390238-2025','2025-07-13',NULL,NULL),(6427,'JESSICA B. EBORA','TEACHER I (Elementary)','MAMBUNGALON ES','MERCEDES','SUBSTITUTE','ORIGINAL','OSEC-DECSB-TCH3-390147-2025','2025-07-13',NULL,'MATERNITY LEAVE EFFECTIVE 05/30/2025 - 09/11/2025'),(6428,'REAHNEL B. VILLANUEVA','TEACHER I (Elementary)','PINAGTIGASAN CALAGUAS ISLAND IS','VINZONS','SUBSTITUTE','ORIGINAL','OSEC-DECSB-TCH1-390063-2025','2025-07-13',NULL,'MATERNITY LEAVE 05/29/2025 - 09/10/2025'),(6429,'MARIAN L. MENDOZA','TEACHER III (Elementary)','PEDRO S. RADA ES','BASUD','PERMANENT','RECLASSIFICATION','OSEC-DECSB-TCH3-392666-2025','2025-07-13',NULL,NULL),(6430,'JHOMARK F. LORENA','TEACHER III (Secondary)','SAN FELIPE NATIONAL HS','BASUD','PERMANENT','RECLASSIFICATION','OSEC-DECSB-TCH3-392685-2025','2025-07-13',NULL,NULL),(6431,'ALBERT LLOYD E. GABO','TEACHER I (SHS)','CAMARINES NORTE SENIOR HS','DAET','SUBSTITUTE','ORIGINAL','OSEC-DECSB-TCH2-390059-2025','2025-07-13',NULL,'VL 6/16/2025-9/30/2025'),(6432,'RICA B. MATA','TEACHER I (Elementary)','SEVERINO FRANCISCO ES','LABO EAST','SUBSTITUTE','ORIGINAL','OSEC-DECSB-TCH1-393686-2025','2025-07-13',NULL,'MATERNITY LEAVE EFFECTIVE 06/25/2025 - 09/30/2025'),(6433,'CHRISTY V. RADA','TEACHER I (Secondary)','ANICETA DE LARA PIMENTEL HS','LABO EAST','SUBSTITUTE','ORIGINAL','OSEC-DECSB-TCH1-390651-2025','2025-07-13',NULL,'MATERNITY LEAVE EFFECTIVE 05/07/2025 - 08/19/2025'),(6434,'ELLECA JEANNE B. ANDAYA','TEACHER I (Elementary)','ALFONSO DASCO ES','PARACALE','SUBSTITUTE','ORIGINAL','OSEC-DECSB-TCH3-393080-2025','2025-07-13',NULL,'MATERNITY LEAVE 05/26/2025 - 09/07/2025'),(6435,'JANETH B. DELMONTE','TEACHER III (Elementary)','PAGSANGAHAN IS','BASUD','PERMANENT','RECLASSIFICATION','OSEC-DECSB-TCH3-391396-2025','2025-07-13',NULL,NULL),(6436,'JOHN REV M. DOTIMAS','TEACHER I (Secondary)','VINZONS PILOT HS','VINZONS','SUBSTITUTE','ORIGINAL','OSEC-DECSB-TCH2-392481-2012','2025-07-15',NULL,NULL),(6437,'MARIA JUANITA T. BERMUDO','TEACHER III (Secondary)','BASUD NATIONAL HS','BASUD','PERMANENT','RECLASSIFICATION','OSEC-DECSB-TCH3-392678-2025','2025-07-15',NULL,NULL),(6438,'MALOU V. BALICTAR','TEACHER III (Elementary)','PEDRO S. RADA ES','BASUD','PERMANENT','RECLASSIFICATION','OSEC-DECSB-TCH3-392674-2025','2025-07-15',NULL,NULL),(6439,'MARICRIS H. ESCAMILLAS','TEACHER III (Elementary)','HINAMPACAN ES','BASUD','PERMANENT','RECLASSIFICATION','OSEC-DECSB-TCH3-391397-2025','2025-07-15',NULL,NULL),(6440,'FRANCIA F. BLAS','TEACHER III (Elementary)','TUACA ES','BASUD','PERMANENT','RECLASSIFICATION','OSEC-DECSB-TCH3-392661-2025','2025-07-15',NULL,NULL),(6441,'JENNIFER C. GORDO','TEACHER III (Secondary)','TUACA HS','BASUD','PERMANENT','RECLASSIFICATION','OSEC-DECSB-TCH3-392686-2025','2025-07-15',NULL,NULL),(6442,'KRISTINE ANGEL A. NAVERA','TEACHER II (Secondary)','PAGSANGAHAN IS','BASUD','PERMANENT','RECLASSIFICATION','OSEC-DECSB-TCH2-390330-2025','2025-07-15',NULL,NULL),(6443,'CHERYLL ANNE R. LATAP','TEACHER I (Secondary)','JOSE PANGANIBAN NATIONAL HS','JOSE PANGANIBAN','SUBSTITUTE','ORIGINAL','OSEC-DECSB-TCH1-413812-1998','2025-07-17',NULL,'VACATION LEAVE EFFECTIVE 04/16/2025 - 12/31/2025'),(6444,'JOAN M. MENIOLAS','TEACHER I (Elementary)','JOSE PANGANIBAN ES','JOSE PANGANIBAN','SUBSTITUTE','ORIGINAL','OSEC-DECSB-TCH1-393629-2018','2025-07-17',NULL,'MATERNITY LEAVE EFFECTIVE 05/15/2025 - 08/27/2025'),(6445,'AILEEN P. TACALAN','TEACHER I (Elementary)','DON MIGUEL LUKBAN ES','LABO EAST','SUBSTITUTE','REEMPLOYMENT','OSEC-DECSB-TCH3-392765-2023','2025-07-17',NULL,'MATERNITY LEAVE 05/09/2025 - 08/21/2025'),(6446,'CHARLENE MAY R. RASCO','TEACHER III (Elementary)','GAVINO VINZONS ES','LABO EAST','PERMANENT','RECLASSIFICATION','OSEC-DECSB-TCH3-391919-2025','2025-07-19',NULL,NULL),(6447,'JOHN PAUL D. UMEREZ','SPECIAL SCIENCE TEACHER I (SHS)','BATOBALANI NATIONAL HS','PARACALE','PERMANENT','REAPPOINTMENT','OSEC-DECSB-SPST1-390038-2020','2025-07-19',NULL,NULL);
/*!40000 ALTER TABLE `appointment_details` ENABLE KEYS */;
UNLOCK TABLES;

--
-- Table structure for table `appointment_releases`
--

DROP TABLE IF EXISTS `appointment_releases`;
/*!40101 SET @saved_cs_client     = @@character_set_client */;
/*!50503 SET character_set_client = utf8mb4 */;
CREATE TABLE `appointment_releases` (
  `id` int NOT NULL AUTO_INCREMENT,
  `appointmentId` int NOT NULL,
  `releasedAt` datetime NOT NULL,
  PRIMARY KEY (`id`),
  KEY `appointmentId` (`appointmentId`),
  CONSTRAINT `appointment_releases_ibfk_1` FOREIGN KEY (`appointmentId`) REFERENCES `appointment_details` (`id`) ON DELETE CASCADE
) ENGINE=InnoDB AUTO_INCREMENT=15 DEFAULT CHARSET=utf8mb4 COLLATE=utf8mb4_general_ci;
/*!40101 SET character_set_client = @saved_cs_client */;

--
-- Dumping data for table `appointment_releases`
--

LOCK TABLES `appointment_releases` WRITE;
/*!40000 ALTER TABLE `appointment_releases` DISABLE KEYS */;
/*!40000 ALTER TABLE `appointment_releases` ENABLE KEYS */;
UNLOCK TABLES;

--
-- Table structure for table `district`
--

DROP TABLE IF EXISTS `district`;
/*!40101 SET @saved_cs_client     = @@character_set_client */;
/*!50503 SET character_set_client = utf8mb4 */;
CREATE TABLE `district` (
  `id` int NOT NULL AUTO_INCREMENT,
  `name` text COLLATE utf8mb4_general_ci,
  PRIMARY KEY (`id`)
) ENGINE=InnoDB AUTO_INCREMENT=18 DEFAULT CHARSET=utf8mb4 COLLATE=utf8mb4_general_ci;
/*!40101 SET character_set_client = @saved_cs_client */;

--
-- Dumping data for table `district`
--

LOCK TABLES `district` WRITE;
/*!40000 ALTER TABLE `district` DISABLE KEYS */;
INSERT INTO `district` VALUES (1,'Basud'),(2,'Capalonga'),(3,'Daet North'),(4,'Daet South'),(5,'Jose Panganiban East'),(6,'Jose Panganiban West'),(7,'Labo East'),(8,'Labo West'),(9,'Mercedes'),(10,'Paracale'),(11,'Sta. Elena'),(12,'San Vicente - San Lorenzo Ruiz'),(13,'Vinzons'),(14,'Talisay'),(15,'N/A'),(16,'Jose Panganiban'),(17,'Daet');
/*!40000 ALTER TABLE `district` ENABLE KEYS */;
UNLOCK TABLES;

--
-- Table structure for table `employee`
--

DROP TABLE IF EXISTS `employee`;
/*!40101 SET @saved_cs_client     = @@character_set_client */;
/*!50503 SET character_set_client = utf8mb4 */;
CREATE TABLE `employee` (
  `uid` int NOT NULL AUTO_INCREMENT,
  `office` varchar(123) COLLATE utf8mb4_general_ci NOT NULL,
  `fullname` varchar(50) COLLATE utf8mb4_general_ci NOT NULL,
  `positionTitle` varchar(50) COLLATE utf8mb4_general_ci NOT NULL,
  `Initial` varchar(12312) COLLATE utf8mb4_general_ci NOT NULL,
  PRIMARY KEY (`uid`)
) ENGINE=InnoDB AUTO_INCREMENT=1259 DEFAULT CHARSET=utf8mb4 COLLATE=utf8mb4_general_ci;
/*!40101 SET character_set_client = @saved_cs_client */;

--
-- Dumping data for table `employee`
--

LOCK TABLES `employee` WRITE;
/*!40000 ALTER TABLE `employee` DISABLE KEYS */;
INSERT INTO `employee` VALUES (1102,'Office of the SDS','Crestito M. Morcilla, CESO V','Schools Division Superintendent',''),(1103,'Office of the SDS','Jean-Paul Arnel M. Abejero','Administrative Assistant III','JA'),(1104,'Office of the SDS','Julius Andrew G. Salen','Administrative Aide VI','JAS'),(1105,'Office of the SDS','Rojan Markdave C. Anda','Administrative Aide IV','RMA'),(1106,'Office of the SDS','Charlie N. Conde, Jr.','Administrative Aide I (Casual)','CC'),(1107,'Office of the SDS','Nikko N. Salva','Administrative Aide I (Casual)','NS'),(1108,'Office of the ASDS','Joel E. Caolboy','Assistant Schools Division Superintendent','JC'),(1109,'Office of the ASDS','Maria Bernadeth A. Zamudio','Administrative Assistant III','MBZ'),(1110,'Office of the ASDS','Jovelyn A. Gerio','Project Development Officer I (Elem)','JG'),(1111,'ICT Section','Jay L. Dela Torre','Information Technology Officer','JD'),(1112,'ICT Section','Armie Joy A. Abdon','Administrative Officer II (Elem)','AJA'),(1113,'ICT Section','Kurt Joshua L. Vivas','Administrative Aide I (Job Order)','KV'),(1114,'Administrative Section','Antonio C. Ahmad','Administrative Officer V','AA'),(1115,'Administrative Section','Antonio T. Manlangit Jr.','Administrative Assistant III','AM'),(1116,'Administrative Section','Shakeel D. Delos Santos','Administrative Aide III','SD'),(1117,'Security Guards','Jesus A. Sentin','Security Guard I','Bong'),(1118,'Security Guards','Gomer P. Malate','Security Guard I','GM'),(1119,'Security Guards','Francis Y. Pabia','Administrative Aide I','FP'),(1120,'Utility (OSDS)','Jesus R. Villafuerte','Administrative Aide I','JV'),(1121,'Utility (OSDS)','Jerson D. Sentin','Administrative Aide I (Casual)','JSentin'),(1122,'Utility (OSDS)','Darell E. Bustamante','Administrative Aide I (Job Order)','DB'),(1123,'Human Resource Management Section','Syrel C. Talento','Administrative Officer IV','ST'),(1124,'Human Resource Management Section','Xyrone Zak M. Abejero','Administrative Assistant III','XA'),(1125,'Human Resource Management Section','Henry A. Ilagan','Administrative Assistant III','HI'),(1126,'Human Resource Management Section','Josephine G. Balce','Administrative Assistant III','JBalce'),(1127,'Human Resource Management Section','Rhea M. Asutilla','Administrative Assistant III','RA'),(1128,'Human Resource Management Section','Rodelio A. Vera Jr.','Administrative Assistant II','RV'),(1129,'Human Resource Management Section','Donn Voyd V. Villa','Administrative Assistant II','DV'),(1130,'Human Resource Management Section','May P. Langit','Administrative Officer II (Elem)','MLangit'),(1131,'Human Resource Management Section','Mercedes R. Raviz','Administrative Aide VI','MRaviz'),(1132,'Human Resource Management Section','Misael A. Vera','Administrative Aide VI','MVera'),(1133,'Human Resource Management Section','Allan Joy Z. Lee','Administrative Aide II','AL'),(1134,'Human Resource Management Section','Myrna M. Abat','Administrative Aide I','MA'),(1135,'Human Resource Management Section (PSU)','Alvin B. San Pascual','Administrative Officer II','AS'),(1136,'Human Resource Management Section (PSU)','Astrid A. Flores','Administrative Assistant III','AF'),(1137,'Human Resource Management Section (PSU)','Aldrin S. Puso','Administrative Officer II (Elem)','APuso'),(1138,'Human Resource Management Section (PSU)','Peter E. Mortega','Administrative Aide I','PM'),(1139,'Human Resource Management Section (PSU)','Mark Anthony R. Japa','Administrative Officer II (Elem)','MJ'),(1140,'Budget and Accounting Section','Marie L. Landagan','Administrative Officer V','ML'),(1141,'Budget and Accounting Section','Farrah Joanne P. Mendoza','Administrative Assistant III','FM'),(1142,'Budget and Accounting Section','Manette D. Grutas','Administrative Assistant I','MGrutas'),(1143,'Budget and Accounting Section','Dave Russel L. Gomez','Administrative Aide I (Casual)','DG'),(1144,'Accounting','Jerson G. Heraldo','Accountant III','JH'),(1145,'Accounting','Maria Theresa D. Andaya','Administrative Assistant III','MTA'),(1146,'Accounting','Maria Elena C. Resultay','Administrative Assistant III','MER'),(1147,'Accounting','Rowena C. Obusan','Administrative Assistant III','RO'),(1148,'Accounting','Benjo Mar C. Serame','Administrative Assistant III','BS'),(1149,'Accounting','Thea May A. Guevarra','Administrative Assistant III','TG'),(1150,'Accounting','Edgar Fanie Cañeba','Senior Bookkeeper','EFC'),(1151,'Accounting','Emma A. Carranceja','Senior Bookkeeper','EC'),(1152,'Accounting','Lily Rose O. Monte','Senior Bookkeeper','LRM'),(1153,'Accounting','Rainer Roland B. Zenarosa','Senior Bookkeeper','RZ'),(1154,'Accounting','Arlene G. Zenarosa','Senior Bookkeeper','AZ'),(1155,'Accounting','Melissa N. Zapata','Senior Bookkeeper','MZ'),(1156,'Accounting','Zyra Mae A. Davillo','Senior Bookkeeper','ZD'),(1157,'Accounting','Cristina N. Avanceña','Senior Bookkeeper','CA'),(1158,'Accounting','Mercy B. Casiano','Senior Bookkeeper','MC'),(1159,'Accounting','Christian Michael E. Talla','Senior Bookkeeper','CT'),(1160,'Accounting','Glen E. Talla','Senior Bookkeeper','GT'),(1161,'Accounting','Mary Joy A. Dioneda','Senior Bookkeeper','MD'),(1162,'Accounting','Mark Daryl J. Lomallo','Administrative Aide I','MDL'),(1163,'Accounting','Shiela D. Sumangid','Administrative Aide I','SS'),(1164,'Accounting','Aldrin S. Guinto','Administrative Aide I (Casual)','AG'),(1165,'Records Section','Alfredo R. Saspa Jr.','Administrative Officer IV','ASaspa'),(1166,'Records Section','Floyd Wilfred T. Pandes','Administrative Aide I','FWP'),(1167,'Records Section','Donabel P. Salenillas','Administrative Aide I','DS'),(1168,'Records Section','Romnick A. Esturas','Administrative Aide I (Casual)','RE'),(1169,'Cashier Section','Victoria M. Glodoviza','Administrative Officer IV','VG'),(1170,'Cashier Section','Emerlyn P. Dormitorio','Administrative Aide VI','ED'),(1171,'Cashier Section','Erma T. Tumala','Administrative Aide I (Casual)','ET'),(1172,'Supply Section','Mary Ann C. Manalo','Administrative Officer IV','MM'),(1173,'Supply Section','Minerva S. Inciong','Administrative Aide VI','MI'),(1174,'Supply Section','Edwin L. Salagoste','Administrative Aide I','ES'),(1175,'Supply Section','Beverly C. Anda','Administrative Aide I','BA'),(1176,'Supply Section','Tristan John C. Manalo','Administrative Officer II (Elem)','TM'),(1177,'Supply Section','Noemie D. Asis','Administrative Aide I (Casual)','NA'),(1178,'Legal Section','Kimberly A. Israel','Attorney III','KI'),(1179,'Legal Section','Charisse Jane C. Jumarito','Administrative Aide I (Casual)','CJ'),(1180,'Legal Section','Maridel B. Babagay','Administrative Aide I (Job Order)','MBabagay'),(1181,'CID','Emma T. Soriano','Chief Education Supervisor','ESoriano'),(1182,'CID','Aristotle S. Decena','Public Schools District Supervisor','ADecena'),(1183,'CID','Jane T. Ramirez','Public Schools District Supervisor','JR'),(1184,'CID','Renita B. Abraham','Public Schools District Supervisor','RAbraham'),(1185,'CID','Maria Felomina M. Saludes','Public Schools District Supervisor','MS'),(1186,'CID','Glenda N. Rito','Public Schools District Supervisor','GR'),(1187,'CID','Melissa M. Barbosa','Public Schools District Supervisor','MBarbosa'),(1188,'CID','Amorsolo R. Jamito','Public Schools District Supervisor','AJ'),(1189,'CID','Ruel T. Dominguez','Public Schools District Supervisor','RD'),(1190,'CID','Emelda A. Acuesta','Public Schools District Supervisor','EAcuesta'),(1191,'CID','Rez C. Salazar','Public Schools District Supervisor','RS'),(1192,'CID','Marcelino A. Ortua','Education Program Supervisor','MO'),(1193,'CID','Lourdes B. Mesa','Education Program Supervisor','LM'),(1194,'CID','Noel V. Ibis','Education Program Supervisor','NI'),(1195,'CID','Annie Lisa B. Satarain','Education Program Supervisor','ALS'),(1196,'CID','Wilma Joy M. Del Monte','Education Program Supervisor','WM'),(1197,'CID','Elisa E. Rieza','Education Program Supervisor','ER'),(1198,'CID','Nelson R. Gomez','Education Program Supervisor','NG'),(1199,'CID','Darcy Guy Y. Mañebo','Education Program Supervisor','DM'),(1200,'CID','Dario I. Cabanela','Education Program Supervisor','DC'),(1201,'CID','Nixon S. Olfindo','Education Program Supervisor','NO'),(1202,'CID','Lourdes G. Esguerra','Education Program Supervisor','LE'),(1203,'CID','Blesilda R. Panotes','Education Program Supervisor','BPanotes'),(1204,'CID','Amy B. Dumail','Education Program Supervisor','AD'),(1205,'CID','Jessalyn P. Malanyaon','Librarian II','JM'),(1206,'CID','Joan D. Naing','Project Development Officer II','JN'),(1207,'CID','Emilia L. Asis','Administrative Assistant III','EAsis'),(1208,'CID','Maribeth D. Gonzales','Administrative Aide VI','MG'),(1209,'Utility (CID)','Noel P. Asis','Administrative Aide I','NAsis'),(1210,'Utility (CID)','Jade T. Salen','Administrative Aide I','JS'),(1211,'SGOD Proper','Atty. Niño B. Raro','Chief Education Supervisor','AR'),(1212,'SGOD Proper','Rowena F. Zamudio','Education Program Supervisor','RF'),(1213,'SGOD Proper','Herbie B. De Lemios','Senior Education Program Specialist','HD'),(1214,'SGOD Proper','Maria Gracia E. Baluca','Senior Education Program Specialist','MB'),(1215,'SGOD Proper','Noel S. Rafael','Senior Education Program Specialist (HRD)','NRafael'),(1216,'SGOD Proper','Blesilda A. Necio','Senior Education Program Specialist','BN'),(1217,'SGOD Proper','Giovanni I. Asis','Planning Officer III','GA'),(1218,'SGOD Proper','Myla N. Deang','Education Program Specialist II','MJD'),(1219,'SGOD Proper','Alvin P. Panotes','Education Program Specialist II (HRD)','AP'),(1220,'SGOD Proper','Leusin Q. Alvarez','Education Program Specialist II','LA'),(1221,'SGOD Proper','Geronimo C. Burce Jr.','Project Development Officer II','GB'),(1222,'SGOD Proper','Blesilda V. Palmares','Project Development Officer I','BP'),(1223,'SGOD Proper','Edelen A. Arciga','Administrative Aide I','EA'),(1224,'SGOD Proper','Zandra A. Combiene','Administrative Officer II (Elem)','ZC'),(1225,'SGOD Proper','Venancio IV R. Despi','Administrative Aide I (Casual)','VD'),(1226,'SGOD Proper','Mark John P. Marco','Technical Assistant I (COS)','MJM'),(1227,'Education Facilities','Glen L. Dugan','Engineer III','GD'),(1228,'Education Facilities','Jeric P. Bautista','Senior Technical Assistant I/Project Engineer III ','JB'),(1229,'Health and Nutrition','Roly G. Abcede','Dentist II','RAbcede'),(1230,'Health and Nutrition','Jessica M. Pallon','Dentist II','JP'),(1231,'Health and Nutrition','Amy N. Vargas','Dentist II','AV'),(1232,'Health and Nutrition','Marilou O. Apuang','Nurse II','MApuang'),(1233,'Health and Nutrition','Melody A. Abando','Nurse II','MAbando'),(1234,'Health and Nutrition','Robbie Mark C. Bastro','Nurse II','RB'),(1235,'Health and Nutrition','Miriam L. Hernandez','Nurse II','MH'),(1236,'Health and Nutrition','Efren P. Hidalgo','Nurse II','FH'),(1237,'Health and Nutrition','Rene C. Ibasco','Nurse II','RI'),(1238,'Health and Nutrition','Christopherlyn Mary Jo-Ann L. Lee','Nurse II','CL'),(1239,'Health and Nutrition','Jay Joseph R. Magana','Nurse II','JJM'),(1240,'Health and Nutrition','Necelyn R. Romales','Nurse II','NR'),(1241,'Health and Nutrition','Eymard V. Yanto','Nurse II','EY'),(1242,'Health and Nutrition','Daisy Yanto','Nurse II','DY'),(1243,'Health and Nutrition','Chatt F. Mago','Nurse II','CM'),(1244,'Health and Nutrition','Leizel D. Pajarillo','Nurse II','LP'),(1245,'Health and Nutrition','Lerma S. Rubio','Nurse II','LR'),(1246,'Health and Nutrition','Cherrie D. Salcedo','Nurse II','CS'),(1247,'Health and Nutrition','Jasper C. Valeros','Nurse II','JValeros'),(1248,'Health and Nutrition','Carlito P. Abdon','Dental Aide','CAbdon'),(1249,'Health and Nutrition','Danilo B. Eboña','Dental Aide','DE'),(1250,'Health and Nutrition','Carlo P. Eboña','Dental Aide','CE'),(1251,'Health and Nutrition','Nydia R. Zenarosa','Administrative Aide II','NZ'),(1252,'COA-Detailed','Allan Ronald P. Maceda','Administrative Aide I','ARM'),(1253,'COA-Detailed','Melfa T. Racelis','Administrative Aide I','MR'),(1254,'COA-Detailed','Michelle P. Nual','Administrative Aide I','MN'),(1255,'COA-Detailed','Julie Ann J. Salo','Administrative Aide I (Job Order) IU','JSalo'),(1256,'COA-Detailed','Georgie Pereyra','Administrative Aide I (Job Order) IU','GP'),(1257,'CSC-Detailed','Maribeth V. Vera','Administrative Aide I','MV');
/*!40000 ALTER TABLE `employee` ENABLE KEYS */;
UNLOCK TABLES;

--
-- Table structure for table `office`
--

DROP TABLE IF EXISTS `office`;
/*!40101 SET @saved_cs_client     = @@character_set_client */;
/*!50503 SET character_set_client = utf8mb4 */;
CREATE TABLE `office` (
  `office` int NOT NULL,
  `name` text COLLATE utf8mb4_general_ci NOT NULL,
  `district` int NOT NULL,
  PRIMARY KEY (`office`),
  KEY `district` (`district`),
  CONSTRAINT `office_ibfk_1` FOREIGN KEY (`district`) REFERENCES `district` (`id`) ON DELETE CASCADE ON UPDATE CASCADE
) ENGINE=InnoDB DEFAULT CHARSET=utf8mb4 COLLATE=utf8mb4_general_ci;
/*!40101 SET character_set_client = @saved_cs_client */;

--
-- Dumping data for table `office`
--

LOCK TABLES `office` WRITE;
/*!40000 ALTER TABLE `office` DISABLE KEYS */;
/*!40000 ALTER TABLE `office` ENABLE KEYS */;
UNLOCK TABLES;

--
-- Table structure for table `orders_table`
--

DROP TABLE IF EXISTS `orders_table`;
/*!40101 SET @saved_cs_client     = @@character_set_client */;
/*!50503 SET character_set_client = utf8mb4 */;
CREATE TABLE `orders_table` (
  `idorder` int NOT NULL AUTO_INCREMENT,
  `name` varchar(45) DEFAULT NULL,
  `address` varchar(100) DEFAULT NULL,
  `position` varchar(45) DEFAULT NULL,
  `school` int DEFAULT NULL,
  `date_signed` date DEFAULT NULL,
  `pdf_path` varchar(255) DEFAULT NULL,
  PRIMARY KEY (`idorder`)
) ENGINE=InnoDB AUTO_INCREMENT=22 DEFAULT CHARSET=utf8mb4 COLLATE=utf8mb4_0900_ai_ci;
/*!40101 SET character_set_client = @saved_cs_client */;

--
-- Dumping data for table `orders_table`
--

LOCK TABLES `orders_table` WRITE;
/*!40000 ALTER TABLE `orders_table` DISABLE KEYS */;
INSERT INTO `orders_table` VALUES (5,'KEAN','purok-2 4','SDS',112089,'2025-07-22',NULL),(6,'ANDREW','purok-2','ASDS',112087,'2025-07-23','uploads/order/1753668987141-467575117.pdf'),(7,'Glenn Cereno','fsdf','sfdsd',112082,'2025-07-03',NULL),(8,'Glenn Cereno','fsdf','sfdsd',112082,'2025-07-03',NULL),(9,'Glenn Cereno','fsdf','sfdsd',112082,'2025-07-03',NULL),(10,'Glenn Cereno','fsdf','sfdsd',112082,'2025-07-03',NULL),(11,'KEAN JOSHUA TAN','fsdf','sfdsd',112084,'2025-07-03',NULL),(12,'KEAN JOSHUA TAN','fsdf','sfdsd',112084,'2025-07-03',NULL),(13,'KEAN JOSHUA TAN','fsdf','sfdsd',112084,'2025-07-03',NULL),(14,'KEAN JOSHUA TAN','fsdf','sfdsd',112084,'2025-07-03',NULL),(15,'KEAN JOSHUA TAN','fsdf','sfdsd',112084,'2025-07-03',NULL),(16,'Julius Salen','Labo','Administrative aide',301922,'2025-07-24',NULL),(17,'Julius Salen','Labo','Techear 3 (Substitute) hjadflasf',301922,'2025-07-24',NULL),(18,'KEAN JOSHUA TAN','Labo','sfdsd',112083,'2025-07-25',NULL),(19,'Myrna','fsdf','Administrative aide',112084,'2025-07-25',NULL),(20,'Jeffrince','purok-2','SDS',112087,'2025-07-28','uploads/order/1753668467779-782420187.pdf'),(21,'Francis','purok-2','SDS',112101,'2025-07-30',NULL);
/*!40000 ALTER TABLE `orders_table` ENABLE KEYS */;
UNLOCK TABLES;

--
-- Table structure for table `schools`
--

DROP TABLE IF EXISTS `schools`;
/*!40101 SET @saved_cs_client     = @@character_set_client */;
/*!50503 SET character_set_client = utf8mb4 */;
CREATE TABLE `schools` (
  `school_id` int NOT NULL,
  `name` text COLLATE utf8mb4_general_ci NOT NULL,
  `district_id` int DEFAULT NULL,
  PRIMARY KEY (`school_id`),
  UNIQUE KEY `school_id` (`school_id`),
  KEY `fk_schools_district` (`district_id`),
  CONSTRAINT `fk_schools_district` FOREIGN KEY (`district_id`) REFERENCES `district` (`id`)
) ENGINE=InnoDB DEFAULT CHARSET=utf8mb4 COLLATE=utf8mb4_general_ci;
/*!40101 SET character_set_client = @saved_cs_client */;

--
-- Dumping data for table `schools`
--

LOCK TABLES `schools` WRITE;
/*!40000 ALTER TABLE `schools` DISABLE KEYS */;
INSERT INTO `schools` VALUES (111111,'SDO',15),(112082,'Angas ES',1),(112083,'Balce ES',1),(112084,'Basud ES',1),(112085,'Briñas ES',1),(112086,'Caayunan ES',1),(112087,'Don Juan Pimentel ES',1),(112088,'Fulgueras ES',1),(112089,'Guinatungan ES',1),(112090,'Hinampacan ES',1),(112091,'Langa ES',1),(112092,'Mampili ES',1),(112093,'Mandazo ES',1),(112094,'Mangcamagong ES',1),(112095,'Matnog ES',1),(112096,'Mocong ES',1),(112097,'Oliva ES',1),(112099,'Pedro S.Rada ES',1),(112100,'Pinagwarasan ES',1),(112101,'Plaridel ES',1),(112102,'Primo R. Samonte ES',1),(112103,'Saan Felipe ES',1),(112104,'San Jose ES',1),(112105,'Taba-Taba ES',1),(112106,'Tacad ES',1),(112107,'Tuaca ES',1),(112109,'Camacho-Aler ES',2),(112110,'Capalonga CS',2),(112111,'Casiano Florendo ES',2),(112112,'Jueves-Talento ES',2),(112113,'Catalino Gonzales ES',2),(112114,'Diezmo Urena ES',2),(112115,'Esturas-Nabata ES',2),(112116,'Francisco V. Aler ES',2),(112117,'Lukbanan ES',2),(112118,'Mabini ES',2),(112119,'Marca-Murillo ES',2),(112120,'Melquiades Caldit ES',2),(112121,'Necio Olila ES',2),(112122,'Peter Sawmill ES',2),(112123,'Portugal-Chavez ES',2),(112124,'Potenciano Juego ES',2),(112125,'San Roque ES',2),(112126,'Sotero Mago ES',2),(112127,'Talento Roll ES',2),(112128,'Torres Talento ES',2),(112129,'Villa Aurora ES',2),(112130,'A. Pabico-Abordo ES',3),(112131,'Alawihao ES',3),(112132,'Awitan ES',3),(112133,'Bagasbas ES',3),(112134,'Daet ES',3),(112135,'Dogongan ES',3),(112136,'Mantagbac ES',3),(112138,'Pandan ES',3),(112139,'UP Alawihao Resettlement ES',3),(112140,'UP Teachers Village ES',3),(112141,'Calasgasan ES',4),(112142,'Cobangbang ES',4),(112143,'San Luis ES',4),(112144,'Don S. Carranceja MS',4),(112145,'F. Baldovino ES',4),(112146,'Goito Pimentel ES',4),(112147,'Gregorio Pimentel MS',4),(112148,'Zurbano ES',4),(112149,'Calero ES',5),(112150,'Calogcog ES',5),(112151,'Jose Panganiban ES',5),(112153,'Luna ES',5),(112154,'Osmeña ES',5),(112155,'Parang ES',5),(112156,'San Mauricio ES',5),(112157,'San Rafael ES',5),(112158,'Segundo Aguirre ES',5),(112159,'Roman V. Heraldo ES',5),(112160,'D. Albonia ES',6),(112161,'Dahican ES',6),(112162,'Leon D. Bamba ES',6),(112163,'Larap ES',6),(112164,'Nakalaya ES',6),(112165,'Pag-asa ES',6),(112166,'San Isidro ES',6),(112167,'San Jose ES',6),(112168,'San Martin ES',6),(112169,'San Pedro ES',6),(112170,'Cresencia V. Envarga ES',6),(112171,'Sta. Elena ES',6),(112172,'Sta Milagrosa ES',6),(112173,'Tawig ES',6),(112174,'Ulipanan ES',6),(112175,'V. Gabo ES',6),(112176,'Baay ES',7),(112177,'Bautista ES',7),(112178,'Bayanbayan ES',7),(112179,'Bulhao ES',7),(112180,'Don Miguel Lukban ES',7),(112181,'E. Obmaña ES',7),(112182,'Fundado ES',7),(112183,'G. Palado Sr. ES',7),(112184,'Gavino Vinzons ES',7),(112185,'L. VILLAMONTE ES',7),(112186,'Labo ES',7),(112187,'Litordan ES',7),(112188,'Mabilo ES',7),(112189,'Malapat ES',7),(112190,'Malasugui ES',7),(112191,'Marcos Pimentel ES',7),(112192,'Matanlang ES',7),(112193,'Napaod ES',7),(112194,'Pampang ES',7),(112195,'Severino Francisco ES',7),(112196,'Tulay na Lupa ES',7),(112197,'Agapito Racelis ES',8),(112198,'G.Zabala-B.Placido ES',8),(112199,'Bagong Silang II ES',8),(112200,'Bagong Silang III ES',8),(112201,'Bayabas ES',8),(112203,'G cale ES',8),(112204,'F. Caudilla ES',8),(112205,'Claudio Villagen ES',8),(112206,'Daguit ES',8),(112208,'Felix Asis ES',8),(112209,'Florence ES',8),(112211,'Kabungahan ES',8),(112212,'Kanapawan ES',8),(112213,'Macogon ES',8),(112214,'Mahawan-hawan ES',8),(112215,'Cleofas R. Dando ES',8),(112216,'Malatap ES',8),(112218,'Malibago ES',8),(112219,'Maligaya ES',8),(112221,'Patag ES',8),(112222,'Cayucyucan ES',9),(112224,'F. P. Ibasco ES',9),(112225,'Gaboc ES',9),(112227,'Hinipaan ES',9),(112228,'Lalawigan ES',9),(112229,'Lanot ES',9),(112230,'Lope Manlangit ES',9),(112231,'Mambungalon ES',9),(112232,'Manguisoc ES',9),(112233,'Masalongsalong ES',9),(112234,'Claro E. Ibasco ES',9),(112235,'Mercedes ES',9),(112236,'Pambuhan ES',9),(112237,'Quinapaguian ES',9),(112238,'San Roque ES',9),(112239,'Tagongtong ES',9),(112240,'Tarum ES',9),(112241,'Alfonso Dasco ES',10),(112242,'Batobalani ES',10),(112243,'Calaburnay ES',10),(112244,'Capacuan ES',10),(112245,'Dagang ES',10),(112246,'Dalnac ES',10),(112247,'Gumaus ES',10),(112248,'Igang ES',10),(112249,'Labnig ES',10),(112250,'Macolabo ES',10),(112251,'Ignacio Español ES',10),(112252,'Mampungo ES',10),(112253,'Mateo Era ES',10),(112254,'Paracale CS',10),(112255,'Pedro V. Moreno ES',10),(112256,'Pinagbirayan ES',10),(112257,'S. Basilio ES',10),(112258,'Sta Catalina ES',10),(112259,'Tawig ES',10),(112260,'Tugos ES',10),(112261,'B.U.OLIS ES',12),(112263,'Imelda ES',12),(112264,'L. Opeda ES',12),(112265,'Maisog ES',12),(112266,'Mampurog ES',12),(112267,'Manlimonsito ES',12),(112268,'Pulantuna ES',12),(112269,'Resettlement ES',12),(112270,'S.Delos Santos ES',12),(112271,'Salvacion Big ES',12),(112272,'Salvacion ( S ) ES',12),(112273,'San Isidro ES',12),(112274,'San Ramon ES',12),(112275,'San Vicente CS',12),(112276,'V. Orendain ES',12),(112277,'V. Ricafrente ES',12),(112278,'Basiad ES',11),(112279,'Bulala ES',11),(112280,'Dygico ES',11),(112281,'Earth\'s Bounty ES',11),(112282,'M. Hebrado ES',11),(112283,'Pulongguit-guit ES',11),(112284,'R. Oquindo ES',11),(112285,'Rizal ES',11),(112286,'Salvacion ES',11),(112287,'San Pedro ES',11),(112289,'F. David ES',14),(112290,'Gabon ES',14),(112291,'M. Cacho ES',14),(112292,'R. Magsaysay ES.',14),(112293,'San Isidro ES',14),(112294,'Sta. Cruz ES',14),(112295,'Sta. Elena ES',14),(112296,'Talisay ES',14),(112297,'Zantua Abordo ES',14),(112298,'Banocboc ES',13),(112299,'Cagbalogo ES',13),(112300,'Calangcawan Norte ES',13),(112301,'Calangcawan Sur ES',13),(112302,'Don Miguel Lukban ES',13),(112303,'El Trino P. Zenarosa ES',13),(112304,'Gregorio Jardin ES',13),(112305,'Gorgonio Obusan ES',13),(112306,'Guinacutan ES',13),(112307,'Juanito Balon ES',13),(112309,'Mangcayo ES',13),(112310,'Matango ES',13),(112311,'Menandro Guinto ES',13),(112312,'P. Barbin ES',13),(112314,'Sto Domingo ES',13),(112315,'Trino P. Zenarosa ES',13),(112316,'Vinzons Pilot ES',13),(137126,'Katutubo ES',10),(137206,'Binatagan ES',1),(137207,'Primitiva Flores Obusan ES',1),(173001,'Don Emiliano L. Pabico ES',3),(173002,'Julia B. Abilgos ES',3),(173003,'Cabanbanan ES',12),(173004,'Cahabaan ES',14),(173005,'Guitol ES',11),(173006,'Patag Ibaba ES',11),(173007,'Patag Ilaya ES',11),(173008,'Don Tomas ES',11),(173009,'Juan Amparo ES',11),(173010,'Kagtalaba ES',11),(173011,'Maulawin ES',11),(173012,'Tabugon ES',11),(173013,'Dancalan ES',10),(173014,'Villa San Isidro ES',11),(173015,'Mancruz ES',4),(173017,'Bagumbayan ES',10),(173018,'Paciano A. Magana ES',3),(173019,'Anita V. Romero ES',4),(173020,'Palanas ES',10),(301886,'Bagong Silang 1 HS',8),(301887,'Bagong Silang II HS',8),(301888,'E.P Borja HS',11),(301889,'Basud NHS',1),(301890,'Batobalani National High School',10),(301891,'Camarines Norte HS',17),(301892,'D.Q. Liwag National High School',13),(301893,'Daguit NHS',8),(301894,'Labo Science and Technology HS',7),(301895,'Gonzales Azcutia HS',14),(301896,'Gonzalo Aler National High School',2),(301897,'Delia Diezmo HS',2),(301898,'Jose Panganiban National High School',16),(301899,'Labo National High School',7),(301900,'Lalawigan National High School',9),(301901,'Larap National High School',16),(301902,'Manguisoc National High School',9),(301903,'San Lorenzo Ruiz National High School',12),(301904,'Matango National High School',13),(301905,'Mercedes HS',9),(301907,'Pablo S. Villafuerte HS',9),(301908,'Pag-Asa HS',7),(301909,'Pambuhan National High School',9),(301910,'Paracale National High School',10),(301911,'Gumaus National High School',10),(301912,'Tabas National High School',10),(301913,'Rizal National High School',11),(301914,'Sabang National High School',13),(301915,'San Felipe National High School',1),(301916,'San Francisco National High School',14),(301917,'Leocadio Alejo Entienza HS',11),(301918,'San Roque National High School',9),(301919,'Froilan D Lopez HS',12),(301920,'Sta. Cruz National High School',16),(301921,'Tigbinan National High School',8),(301922,'Tulay Na Lupa National High School',7),(301923,'Talobatib HS',7),(301924,'Vicente L. Basit Mem. HS',17),(301925,'Vinzons Pilot HS',13),(305631,'San Antonio HS',2),(305770,'Aniceta De Lara Pimentel HS',7),(305910,'Anameam HS',8),(305947,'Baay HS',7),(306067,'Dominador G. Mendoza HS',11),(306068,'Capalonga National High School',2),(309602,'Maulawin National High School',11),(309603,'Caringo HS',9),(309604,'Eugenia Morana-Quintela Mem. HS',13),(309605,'Fabrica HS',12),(309606,'San Isidro HS',12),(309607,'Lazaro Cabezudo HS',14),(309608,'Tuaca HS',1),(309610,'Victoria Tuacar HS',2),(309611,'Dominador Narido High School',1),(309612,'Porfirio R. Ponayo HS',17),(309613,'Alawihao HS',17),(309614,'Magsaysay National High School',2),(309616,'Bulala HS',11),(309618,'San Pedro-Domingo Llarena HS',11),(309619,'Gawad Kalinga HS',16),(309620,'Sarah Jane Ferrer HS',13),(309621,'Maximo Manarang HS',10),(309622,'Camarines Norte Senior HS',17),(500030,'Moreno IS',3),(500156,'Dumagmang IS',8),(500634,'Sta. Elena IS',11),(500635,'Palali IS',8),(500908,'Calabasa IS',8),(500909,'Kabatuhan IS',8),(501259,'Malaya IS',8),(501271,'Colasi IS',9),(501737,'Pagsangahan IS',1),(501738,'Calabaca IS',2),(502249,'Pinagtigasan Calaguas IS',13),(502420,'Mangcawayan Island IS',13),(502451,'Hamoraon IS',9),(502676,'Regino A. Yet IS',16);
/*!40000 ALTER TABLE `schools` ENABLE KEYS */;
UNLOCK TABLES;

--
-- Table structure for table `travelauthority`
--

DROP TABLE IF EXISTS `travelauthority`;
/*!40101 SET @saved_cs_client     = @@character_set_client */;
/*!50503 SET character_set_client = utf8mb4 */;
CREATE TABLE `travelauthority` (
  `id` int NOT NULL AUTO_INCREMENT,
  `PositionDesignation` text COLLATE utf8mb4_general_ci NOT NULL,
  `Station` varchar(99) COLLATE utf8mb4_general_ci NOT NULL,
  `Purpose` text COLLATE utf8mb4_general_ci NOT NULL,
  `Host` varchar(255) COLLATE utf8mb4_general_ci NOT NULL,
  `sof` text COLLATE utf8mb4_general_ci,
  `DatesFrom` date NOT NULL,
  `DatesTo` date NOT NULL,
  `Destination` text COLLATE utf8mb4_general_ci NOT NULL,
  `Area` varchar(255) COLLATE utf8mb4_general_ci NOT NULL,
  `employee_ID` int DEFAULT NULL,
  `Attachment` varchar(255) COLLATE utf8mb4_general_ci DEFAULT NULL,
  PRIMARY KEY (`id`),
  KEY `fk_employee` (`employee_ID`),
  CONSTRAINT `fk_employee` FOREIGN KEY (`employee_ID`) REFERENCES `employee` (`uid`) ON DELETE CASCADE ON UPDATE CASCADE
) ENGINE=InnoDB AUTO_INCREMENT=129 DEFAULT CHARSET=utf8mb4 COLLATE=utf8mb4_general_ci;
/*!40101 SET character_set_client = @saved_cs_client */;

--
-- Dumping data for table `travelauthority`
--

LOCK TABLES `travelauthority` WRITE;
/*!40000 ALTER TABLE `travelauthority` DISABLE KEYS */;
INSERT INTO `travelauthority` VALUES (1,'Education Program Supervisor','CID','Workshop on the dev\'t, revision, and finalization of the ADM modules for MATATAG (Kindergarten, Grades 1/4/7)','BLD, DepEd through the CLMD','hhehe','2026-03-19','2026-03-21','Tanza Oasis Hotel and Resort, Tanza, Cavite','National',1102,'/uploads/travels/1753669557707_CHINGKY_DEBORAH_E_VILLAGARCIA_-_Agapito_Racelis_ES.pdf'),(2,'Education Program Specialist II (HRD)','SGOD Office','Training on Harmonized Gender and Development Guidelines Tool and Gender and Development Agenda for GAD Focal Batch 2','DepEd Central HRDD','','2025-03-17','2025-03-21','Baguio Teachers Camp, Baguio City','National',1103,NULL),(3,'Planning Officer III','SGOD Office','24th National Consultative Confrence for Regional Alternative Learning System (ALS) Focal Persons and Select DepEd Officials','DepEd ROV','','2025-03-18','2025-03-21','Caraga Region','National',1104,NULL),(4,'Accountant III;                      Information Tech Officer I;              Senior Bookkeeper;                  School Principal I;                   School Principal I;                             Admin. Officer II;                           Senior Bookkeeper','Accounting Section','Regional Training of Trainers on the Utilization of School MOOE Web','DepEd Region V','','2025-03-24','2025-03-25','DepEd Regional Office III','National',1105,NULL),(5,'Senior Education Program Specialist','SGOD Office','Personal Travel','N/A','','2025-06-28','2025-07-04','Bangkok Thailand (tourist)','Abroad',1106,NULL),(6,'Administrative Aide VI','Cashier Section','Remit Payment of HDMF Contributions','HDMF Naga City','','2025-03-28','2025-03-28','Naga City','Region',1107,NULL),(7,'Education Program Supervisor','CID','Regional Festival of Talents (RFOT) 2025 - Sining tanghalan','DepEd ROV','','2025-03-30','2025-04-02','Tabaco NHS, Tabaco City','Region',1108,NULL),(8,'Administrative Aide IV','Office of the SDS','Transport DepEd Officials who will attend Regional Festival of Talents 2025','N/A','','2025-03-31','2025-04-01','Legazpi City, Albay','Region',1109,NULL),(9,'Administrative Aide IV','Office of the SDS','Transport DepEd Officials who will attend Palarong Bicol 2025','N/A','','2025-03-23','2025-03-28','Legazpi City, Albay','Region',1110,NULL),(10,'Administrative Aide IV','Office of the SDS','Transport DepEd Officials who will attend Larong Bikolnon 2025','N/A','','2025-03-22','2025-03-22','Legazpi City, Albay','Region',1111,NULL),(11,'Administrative Aide VI','Cashier Section','To remit payment of HDMF contributions','HDMF Naga City','','2025-04-04','2025-04-04','HDMF Naga City','Region',1112,NULL),(12,'Administrative Officer V','Administrative Section','MAN Palarong Bicol Media Center','DepEd Regional Office','','2025-03-27','2025-03-27','Legazpi City','Region',1113,NULL),(13,'Education Program Supervisor','CID','To attend 2025 Regional Musabaqah','DepEd thru CLMD','','2025-04-07','2025-04-07','Balogo East Central School, Sorsogon City','Region',1114,NULL),(14,'Education Program Supervisor','CID','2025 Regional Festival of Talents','DepEd','','2025-03-31','2025-04-02','Ligao, Albay','Region',1115,NULL),(15,'Education Program Supervisor; Division Engineer.;                           PDO II(DRMM);                                         Engineer II','SGOD Office','Billeting Schools of Camarines Norte Athlete Delegation for Palarong Bicol 2025','SDO Camarines Norte','','2025-03-19','2025-03-30','Gogon ES, Legazpi City','Region',1116,NULL),(16,'Education Program Supervisor','CID','Scheduled PRC License Renewal','DepEd SDO Camarines Norte','','2025-03-19','2025-03-19','PRC Legazpi City','Region',1117,NULL),(17,'Education Program Supervisor','CID','2 days Regional DRRM Public Service Continuity Plan (PSCP) Orientation Seminar-Workshop','DepEd ROV','','2025-03-18','2025-03-20','Legazpi Garden Hotel, Barrida Rd., Sol\'s Subdivision, Legazpi City','Region',1118,NULL),(18,'Administrative Aide I; Administrative Aide I; Administrative Aide I; Administrative Aide I; Administrative Aide I; Administrative Aide IV; Administrative Aide I;                  Project Dev\'t Officer I; Administrative Aide IV; Administrative Officer II; Administrative Aide VI; Administrative Assistant III;    ','Records Section','Participate Larong Bikolnon 2025 (Larong Pinoy)','DepEd ROV','','2025-03-22','2025-03-22','DepEd ROV','Region',1119,NULL),(19,'Education Program Supervisor; Division Engineer.;                           Engineer II;                                           SEPS;                                       Administrative Aide I','SGOD Office','Participate Larong Bikolnon 2025 (Larong Pinoy)','DepEd ROV','','2025-03-22','2025-03-22','DepEd ROV, Legazpi City','Region',1120,NULL),(20,'Public Schools District Supervisor; EPS','CID','Participate the Executive Larong Bikolnon (Larong Pinoy)','DepEd ROV thru ESSD','','2025-03-22','2025-03-22','Legazpi Sports Central, Albay Central School Compund, Legazpi City','Region',1121,NULL),(21,'Administrative Officer V;           Administrative Aide I','Budget Section','Attend Executive Larong Bikolnon (Larong Pinoy)','Regional Office V','','2025-03-22','2025-03-22','Legazpi Sports Central, Albay Central Compound, Legazpi City','Region',1122,NULL),(22,'Chief Program Supervisor(SGOD);         Administrative Officer V','CID','2 days Regional DRRM Public Service Continuity Plan (PSCP) Orientation Seminar-Workshop','DepEd ROV','','2025-03-18','2025-03-20','Legazpi Garden Hotel, Barrida Rd., Sol\'s Subdivision, Legazpi City','Region',1123,NULL),(23,'Nurse II - ARHP Coordinator;                                Nurse II - SMHP Coordinator','Health and Nutrition','Bicol\'s Navigating Wellness: Regional Symposium on Child and Adolescent Reproductive Health','DepEd Masbate','','2025-04-01','2025-04-04','Masbate','Region',1124,NULL),(24,'PDO I (LRP Desk Chairman);           EPS II (LRP Desk Vice - Chairman);                 SEPS (LRP Desk Member)','SGOD Office','Serve at the Learner Rights and Protection Desk at Palarong Bicol 2025','ROV Palarong Bicol','','2025-03-24','2025-03-28','Gogon ES and Gogon HS, Legazpi City','Region',1125,NULL),(25,'Senior Education Program Specialist','SGOD Office','Training of Trainers for the Specialized Training Program for Guidance Designates - Phase 3 & 4','DepEd NEAP - Central Office','','2025-04-07','2025-04-11','Ecotech, Cebu City','National',1126,NULL),(26,'Administrative Aide I (Casual)','SGOD Office','Bring for Signature papers to SDS','N/A','','2025-04-25','2025-04-26','Legazpi City','Region',1127,NULL),(27,'NIC /SBFP /Focal;                                             Nurse II /SBFP Milk Focal;                 Nurse II /In-Charge of Nutritional Status','Health and Nutrition','Conduct of the School-Based Feeding Program Conference Workshop on Nutritional Assessment Methods and Analysis','Education Support Services - Health and Nutrition Section','','2025-04-14','2025-04-16','Legazpi City','Region',1128,NULL),(28,'Education Program Specialist II (HRD)','SGOD Office','Gender Sensitivity Training: Gender and Dev\'t Planning and Budgeting for School Heads of Implementing Units in DepEd Region V','DepEd ROV - HRDD','','2025-08-10','2025-04-11','Lotus Blu Hotel, Legazpi City','Region',1129,NULL),(29,'Chief Education Supervisor','SGOD Office','2025 Second Regular ReManCom Meeting','DepEd','','2025-04-02','2025-04-04','UMA Hotel & Residences, Magsaysay Ave., Naga City','Region',1130,NULL),(30,'Project Development Officer I    (LRP Desk Chair):                        EPS (LRP Desk Vice-Chair);                SEPS (LRP Desk Member)','SGOD Office','Serve at the Learner Rights and Protection Desk at Palarong Bicol 2025','ROV','','2025-03-24','2025-03-28','Gogon ES and Gogon HS, Legazpi City','Region',1131,NULL),(31,'Dentist II','Health and Nutrition','Serve at the Regional Meet in Legazpi City (Health provider and First Aider)','DepEd ROV','','2025-03-21','2025-03-29','Legazpi City','Region',1132,NULL),(32,'Education Program Supervisor','CID','Workshop on the Review of the revised Grades 2, 5, and 8 and Final review of Grade 4 and 7 (wave 6) textbooks and Teacher\'s manuals','BLR-QAD','','2025-04-07','2025-04-11','National Capital Region','National',1133,NULL),(33,'Attorney III','Legal Section','Conduct SDO on wheels in Sta. Elena District','Legal Unit','','2025-04-11','2025-04-11','Rizal Nat\'l HS, Sta. Elena, Camarines Norte','Division',1134,NULL),(34,'Public Schools District Supervisor','CID','Conduct SDO on wheels in Sta. Elena District','Legal Unit','','2025-04-11','2025-04-11','Rizal Nat\'l HS, Sta. Elena, Camarines Norte','Division',1135,NULL),(35,'Education Program Supervisor','SGOD Office','Conduct SDO on wheels in Sta. Elena District','Legal Unit','','2025-04-11','2025-04-11','Rizal Nat\'l HS, Sta. Elena, Camarines Norte','Division',1136,NULL),(36,'Education Program Supervisor','CID','Conduct SDO on wheels in Sta. Elena District','Legal Unit','','2025-04-11','2025-04-11','Rizal Nat\'l HS, Sta. Elena, Camarines Norte','Division',1137,NULL),(37,'Administrative Officer IV','Human Resource Management Section','Conduct SDO on wheels in Sta. Elena District','Legal Unit','','2025-04-11','2025-04-11','Rizal Nat\'l HS, Sta. Elena, Camarines Norte','Division',1138,NULL),(38,'Administrative Assistant III','Accounting Section','Conduct SDO on wheels in Sta. Elena District','Legal Unit','','2025-04-11','2025-04-11','Rizal Nat\'l HS, Sta. Elena, Camarines Norte','Division',1139,NULL),(39,'Administrative Officer IV','Supply Section','Conduct SDO on wheels in Sta. Elena District','Legal Unit','','2025-04-11','2025-04-11','Rizal Nat\'l HS, Sta. Elena, Camarines Norte','Division',1140,NULL),(40,'Administrative Officer V','Administrative Section','Conduct SDO on wheels in Sta. Elena District','Legal Unit','','2025-04-11','2025-04-11','Rizal Nat\'l HS, Sta. Elena, Camarines Norte','Division',1141,NULL),(41,'Librarian II','CID','Conduct SDO on wheels in Sta. Elena District','Legal Unit','','2025-04-11','2025-04-11','Rizal Nat\'l HS, Sta. Elena, Camarines Norte','Division',1142,NULL),(42,'Project Development Officer I','SGOD Office','Conduct SDO on wheels in Sta. Elena District','Legal Unit','','2025-04-11','2025-04-11','Rizal Nat\'l HS, Sta. Elena, Camarines Norte','Division',1143,NULL),(43,'Education Program Supervisor','CID','Conduct SDO on wheels in Sta. Elena District','Legal Unit','','2025-04-11','2025-04-11','Rizal Nat\'l HS, Sta. Elena, Camarines Norte','Division',1144,NULL),(44,'Education Program Specialist II','SGOD Office','Conduct SDO on wheels in Sta. Elena District','Legal Unit','','2025-04-11','2025-04-11','Rizal Nat\'l HS, Sta. Elena, Camarines Norte','Division',1145,NULL),(45,'Nurse II','Health and Nutrition','Conduct SDO on wheels in Sta. Elena District','Legal Unit','','2025-04-11','2025-04-11','Rizal Nat\'l HS, Sta. Elena, Camarines Norte','Division',1146,NULL),(46,'Administrative Aide III','Administrative Section','Conduct SDO on wheels in Sta. Elena District','Legal Unit','','2025-04-11','2025-04-11','Rizal Nat\'l HS, Sta. Elena, Camarines Norte','Division',1147,NULL),(47,'Administrative Aide IV','Office of the SDS','Conduct SDO on wheels in Sta. Elena District','Legal Unit','','2025-04-11','2025-04-11','Rizal Nat\'l HS, Sta. Elena, Camarines Norte','Division',1148,NULL),(48,'Administrative Officer II (Elem)','Supply Section','Conduct SDO on wheels in Sta. Elena District','Legal Unit','','2025-04-11','2025-04-11','Rizal Nat\'l HS, Sta. Elena, Camarines Norte','Division',1149,NULL),(49,'Public Schools District Supervisor','CID','Confirming Officer','DepEd SDO','','2025-04-14','2025-04-15','Labo East District','Division',1150,NULL),(50,'Education Program Supervisor','CID','Sports Club Awards 2025','BNHS','','2025-04-08','2025-04-08','Basud National HS Main Campus','Division',1151,NULL),(51,'Education Program Supervisor','CID','Sports Club Awards 2026','BNHS','','2025-04-08','2025-04-08','Basud National HS Main Campus','Division',1152,NULL),(52,'Public Schools District Supervisor','CID','Staff Meeting and SDO on Wheels','DepEd SDO','','2025-04-10','2025-04-11','Sta. Elena District','Division',1154,NULL),(53,'Education Program Supervisor','CID','Checking of School Forms','DepEd SDO','','2025-04-02','2025-04-04','Rizal National HS','Division',1155,NULL),(54,'Education Program Supervisor','CID','Resource Speaker during SNED - Araw ng Pagkilala 2025','Daet Elementary School, Daet North District','','2025-04-08','2025-04-08','Gabaldon Bldg. Daet, Camarines Norte','Division',1156,NULL),(55,'Public Schools District Supervisor','CID','Commencement Speaker on the conduct of Graduation Ceremony at the Ripple of Hope Skills and Technology Institute Inc.','RH-STI','','2025-04-11','2025-04-11','Basud Sports Complex, Basud Camarines Norte','Division',1157,NULL),(56,'Assistant Schools Division Superintendent','Office of the ASDS','Home Visitation','N/A','','2025-04-21','2025-04-22','Masbate City, Masbate','Region',1158,NULL),(57,'Dentist II','Health and Nutrition','Attend Regional Updating , Upskilling and Reorientation of Dental Health Personnel','DepEd Regional Office V ESSD - Health and Nutrition Section','','2025-04-21','2025-04-23','Bluish Resort, Tagbong, Pili, Camarines Sur','Region',1159,NULL),(58,'Dentist II','Health and Nutrition','Attend Regional Updating , Upskilling and Reorientation of Dental Health Personnel','DepEd Regional Office V ESSD - Health and Nutrition Section','','2025-04-21','2025-04-23','Bluish Resort, Tagbong, Pili, Camarines Sur','Region',1160,NULL),(59,'Dentist II','Health and Nutrition','Attend Regional Updating , Upskilling and Reorientation of Dental Health Personnel','DepEd Regional Office V ESSD - Health and Nutrition Section','','2025-04-21','2025-04-23','Bluish Resort, Tagbong, Pili, Camarines Sur','Region',1161,NULL),(60,'Dental Aide','Health and Nutrition','Attend Regional Updating , Upskilling and Reorientation of Dental Health Personnel','DepEd Regional Office V ESSD - Health and Nutrition Section','','2025-04-21','2025-04-23','Bluish Resort, Tagbong, Pili, Camarines Sur','Region',1162,NULL),(61,'Administrative Aide II','Health and Nutrition','Attend Regional Updating , Upskilling and Reorientation of Dental Health Personnel','DepEd Regional Office V ESSD - Health and Nutrition Section','','2025-04-21','2025-04-23','Bluish Resort, Tagbong, Pili, Camarines Sur','Region',1163,NULL),(62,'Dental Aide','Health and Nutrition','Attend Regional Updating , Upskilling and Reorientation of Dental Health Personnel','DepEd Regional Office V ESSD - Health and Nutrition Section','','2025-04-21','2025-04-23','Bluish Resort, Tagbong, Pili, Camarines Sur','Region',1164,NULL),(63,'Dental Aide','Health and Nutrition','Attend Regional Updating , Upskilling and Reorientation of Dental Health Personnel','DepEd Regional Office V ESSD - Health and Nutrition Section','','2025-04-21','2025-04-23','Bluish Resort, Tagbong, Pili, Camarines Sur','Region',1165,NULL),(64,'Public Schools District Supervisor','CID','Conferement of Graduation exercises','DepEd - SDO','','2025-04-14','2025-04-15','Jpang East and West','Division',1166,NULL),(65,'Public Schools District Supervisor','CID','Conferement Officer and Guest in the EOSY Rites','Labo West','','2025-04-14','2025-04-14','Labo West District','Division',1167,NULL),(66,'Public Schools District Supervisor','CID','Act /Serve as Conferement Officer in the EOSY Rites of Selected Schools','DepEd -SDO','','2025-04-14','2025-04-15','Basud District','Division',1168,NULL),(67,'Public Schools District Supervisor','CID','Act /Serve as Confirming Officer in the EOSY Rites of Selected Schools','DepEd SDO','','2025-04-14','2025-04-15','SV-SLR District','Division',1169,NULL),(68,'Public Schools District Supervisor','CID','Attend 1st Bicol ALS Consultative Conference, Workshop on the Crafting of Bicol ALS Awards Framework for Region V and Launch of Bcol ALS Award 2025 (The Bicol ALS Awards)','DepEd ROV','','2025-05-07','2025-05-09','Legazpi City','Region',1170,NULL),(69,'Education Program Supervisor','CID','Attend 2025 Palarong Pambansa Final Technical Conference','PSC and DILG','','2025-04-30','2025-05-03','Sola Hotel, Laoag City, Provice of Ilocos Norte','National',1173,NULL),(70,'Public Schools District Supervisor','CID','Monitoring (School Hardship Validation)','DepEd SDO','','2025-05-24','2025-05-25','Labo East ','Division',1174,NULL),(71,'Chief Education Supervisor','SGOD Office','Conduct Final Inspection of CY 2023 QRF - Batch 1 -  Replacement of Classrooms - Savings - Lot 2','SDO CN','','2025-04-04','2025-04-04','Jose Panganiban Nat\'l HS','Division',1175,NULL),(72,'Public Schools District Supervisor','CID','Comelec','DepEd SDO','','2025-03-31','2025-03-31','Sta. Elena District','Division',1176,NULL),(73,'Public Schools District Supervisor','CID','Checking of Forms and District PIRPA','DepEd SDO','','2025-03-31','2025-04-04','Capalonga CS; Rizal ES; Potenciano Juego ES','Division',1177,NULL),(74,'Education Program Supervisor','CID','Conduct Checking of DepEd Forms for Secondary Schools','DepEd SDO','','2025-04-02','2025-04-04','Capalonga CS, Capalonga District','Division',1178,NULL),(75,'Public Schools District Supervisor','CID','Checking of Forms','SDO CN','','2025-03-31','2025-04-04','J.Pang East and West District ;  Paracale District','Division',1179,NULL),(76,'Public Schools District Supervisor','CID','Checking of forms and District PIRPA','DepEd SDO','','2025-03-31','2025-04-04','Rizal ES, Sta. Elena District','Division',1180,NULL),(77,'Public Schools District Supervisor','CID','Checking of Forms','DepEd SDO','','2025-03-31','2025-04-04','J.Panganiban District & Paracale District','Division',1181,NULL),(78,'Education Program Supervisor','CID','Conduct Classroom Observation /Monitor of ALS ; Monitoring of Literacy Mapping /ALS TWG Meeting ;Monitoring','DepEd SDO','','2025-03-31','2025-04-05','JPang East ; Labo East ; Paracale Nt\'l ','Division',1182,NULL),(79,'Education Program Supervisor','CID','SDO on Wheels','DepEd SDO','','2025-03-31','2025-04-02','Mercedes District','Division',1183,NULL),(80,'Public Schools District Supervisor','CID','District PIRPA; SDO on Wheels; MBOC Orientation','DepEd SDO','','2025-03-31','2025-04-08','Basud Distict & Platinum Hotel, Daet','Division',1184,NULL),(81,'Public Schools District Supervisor','CID','To Monitor the Implementation of MOOE funded repair','SV-SLR District','','2025-05-08','2025-05-09','All Schools of SV-SLR District','Division',1185,NULL),(82,'Public Schools District Supervisor','CID','Digital Signature Submission & Verification','DepEd SDO','','2025-05-05','2025-05-05','COMELEC, J. Panganiban','Division',1186,NULL),(83,'Public Schools District Supervisor','CID','To Witness the Opening of the Broken Zooey Box and Checking of the Condition and Completeness of the CCS Kit','COMELEC - Sta. Elena','','2025-05-07','2025-05-07','Municipal Training Center, Sta. Elena Camarines Norte','Division',1187,NULL),(84,'Education Program Supervisor','CID','Replaced by: Cynthia E. Guinto - Principal II                        To attend Capacity Building of SDO PD Evaluators (Learning Area Specialists)','DepEd - ROV thru the HRDD - NEAP ROV','','2025-05-06','2025-05-08','Emmie Hotel, Legazpi City','Region',1188,NULL),(85,'Education Program Supervisor','CID','To Attend Capacity Buyilding of SDO PD Evaluators (Learning Area Specialist)','DepEd - ROV thru the HRDD - NEAP ROV','','2025-05-06','2025-05-08','Emmie Hotel, Legazpi City','Region',1189,NULL),(86,'Education Program Supervisor','CID','To Attend Capacity Buyilding of SDO PD Evaluators (Learning Area Specialist)','DepEd - ROV thru the HRDD - NEAP ROV','','2025-05-06','2025-05-08','Emmie Hotel, Legazpi City','Region',1190,NULL),(87,'Education Program Supervisor','CID','To Attend Capacity Buyilding of SDO PD Evaluators (Learning Area Specialist)','DepEd - ROV thru the HRDD - NEAP ROV','','2025-05-06','2025-05-08','Emmie Hotel, Legazpi City','Region',1191,NULL),(88,'Education Program Supervisor','CID','To Attend Capacity Buyilding of SDO PD Evaluators (Learning Area Specialist)','DepEd - ROV thru the HRDD - NEAP ROV','','2025-05-06','2025-05-08','Emmie Hotel, Legazpi City','Region',1192,NULL),(89,'Education Program Supervisor','CID','To Attend Capacity Buyilding of SDO PD Evaluators (Learning Area Specialist)','DepEd - ROV thru the HRDD - NEAP ROV','','2025-05-06','2025-05-08','Emmie Hotel, Legazpi City','Region',1193,NULL),(90,'Education Program Supervisor','CID','To Attend Capacity Buyilding of SDO PD Evaluators (Learning Area Specialist)','DepEd - ROV thru the HRDD - NEAP ROV','','2025-05-06','2025-05-08','Emmie Hotel, Legazpi City','Region',1194,NULL),(91,'Education Program Supervisor','CID','To Attend Capacity Buyilding of SDO PD Evaluators (Learning Area Specialist)','DepEd - ROV thru the HRDD - NEAP ROV','','2025-05-06','2025-05-08','Emmie Hotel, Legazpi City','Region',1195,NULL),(92,'Education Program Supervisor','CID','To Attend Capacity Buyilding of SDO PD Evaluators (Learning Area Specialist)','DepEd - ROV thru the HRDD - NEAP ROV','','2025-05-06','2025-05-08','Emmie Hotel, Legazpi City','Region',1196,NULL),(93,'Education Program Supervisor','CID','To Attend Capacity Buyilding of SDO PD Evaluators (Learning Area Specialist)','DepEd - ROV thru the HRDD - NEAP ROV','','2025-05-06','2025-05-08','Emmie Hotel, Legazpi City','Region',1197,NULL),(94,'Education Program Supervisor','CID','To Attend National Festival of Talents (NFTOT)','DepEd, Curriculum and Teaching Strand, thru the Bureau of Curriculum Dev\'t and the Bureau of Learning Delivery','','2025-05-19','2025-05-23','Vigan, Ilocos Sur','National',1198,NULL),(95,'Education Program Supervisor','CID','To Attend National Festival of Talents (NFTOT)','DepEd, Curriculum and Teaching Strand, thru the Bureau of Curriculum Dev\'t and the Bureau of Learning Delivery','','2025-05-19','2025-05-23','Vigan, Ilocos Sur','National',1199,NULL),(96,'Education Program Supervisor','CID','To Attend National Festival of Talents (NFTOT)','DepEd, Curriculum and Teaching Strand, thru the Bureau of Curriculum Dev\'t and the Bureau of Learning Delivery','','2025-05-19','2025-05-23','Vigan, Ilocos Sur','National',1200,NULL),(97,'Education Program Supervisor','CID','To Attend National Festival of Talents (NFTOT)','DepEd, Curriculum and Teaching Strand, thru the Bureau of Curriculum Dev\'t and the Bureau of Learning Delivery','','2025-05-19','2025-05-23','Vigan, Ilocos Sur','National',1201,NULL),(98,'Education Program Supervisor','CID','2025 National Schools Press Conference','DepEd, Curriculum and Teaching Strand, thru the Bureau of Curriculum Dev\'t and the Bureau of Learning Delivery','','2025-05-19','2025-05-23','Vigan, Ilocos Sur','National',1202,NULL),(99,'Administrative Aide VI','CID','To Attend the Delivery of the Automated Counting Machine ACM and Final Testing and Sealing','COMELEC','','2025-05-05','2025-05-05','Daet Elementary School','Division',1203,NULL),(100,'Education Program Supervisor','CID','To attend Meeting with Palarong Pambansa 2025 Delegation Officials','DepEd-SDO','','2025-05-05','2025-05-05','Legazpi City Sports Center, Albay Central School Compound','Region',1204,NULL),(101,'Public Schools District Supervisor','CID','To attend Regional OKD-HLI Training of Trainers and School-Level Action Planning','Department of Health - Bicol Center for Health Dev\'t','','2025-05-19','2025-05-23','Wiltan Hotel, Daet, Camarines Norte','Division',1205,NULL),(102,'Public Schools District Supervisor','CID','To attend Regional OKD-HLI Training of Trainers and School-Level Action Planning','Department of Health - Bicol Center for Health Dev\'t','','2025-05-19','2025-05-23','Wiltan Hotel, Daet, Camarines Norte','Division',1206,NULL),(103,'Public Schools District Supervisor','CID','To attend Regional OKD-HLI Training of Trainers and School-Level Action Planning','Department of Health - Bicol Center for Health Dev\'t','','2025-05-19','2025-05-23','Wiltan Hotel, Daet, Camarines Norte','Division',1207,NULL),(104,'Public Schools District Supervisor','CID','To attend Regional OKD-HLI Training of Trainers and School-Level Action Planning','Department of Health - Bicol Center for Health Dev\'t','','2025-05-19','2025-05-23','Wiltan Hotel, Daet, Camarines Norte','Division',1208,NULL),(105,'Public Schools District Supervisor','CID','To attend Regional OKD-HLI Training of Trainers and School-Level Action Planning','Department of Health - Bicol Center for Health Dev\'t','','2025-05-19','2025-05-23','Wiltan Hotel, Daet, Camarines Norte','Division',1209,NULL),(106,'Public Schools District Supervisor','CID','To attend Regional OKD-HLI Training of Trainers and School-Level Action Planning','Department of Health - Bicol Center for Health Dev\'t','','2025-05-19','2025-05-23','Wiltan Hotel, Daet, Camarines Norte','Division',1210,NULL),(107,'Public Schools District Supervisor','CID','To attend Regional OKD-HLI Training of Trainers and School-Level Action Planning','Department of Health - Bicol Center for Health Dev\'t','','2025-05-19','2025-05-23','Wiltan Hotel, Daet, Camarines Norte','Division',1211,NULL),(108,'Public Schools District Supervisor','CID','To attend Regional OKD-HLI Training of Trainers and School-Level Action Planning','Department of Health - Bicol Center for Health Dev\'t','','2025-05-19','2025-05-23','Wiltan Hotel, Daet, Camarines Norte','Division',1212,NULL),(109,'Public Schools District Supervisor','CID','To attend Regional OKD-HLI Training of Trainers and School-Level Action Planning','Department of Health - Bicol Center for Health Dev\'t','','2025-05-19','2025-05-23','Wiltan Hotel, Daet, Camarines Norte','Division',1213,NULL),(110,'Public Schools District Supervisor','CID','To attend Regional OKD-HLI Training of Trainers and School-Level Action Planning','Department of Health - Bicol Center for Health Dev\'t','','2025-05-19','2025-05-23','Wiltan Hotel, Daet, Camarines Norte','Division',1214,NULL),(111,'Education Program Supervisor','CID','To attend Regional OKD-HLI Training of Trainers and School-Level Action Planning','Department of Health - Bicol Center for Health Dev\'t','','2025-05-19','2025-05-23','Wiltan Hotel, Daet, Camarines Norte','Division',1215,NULL),(112,'Public Schools District Supervisor','CID','Validation of School Data for the Computation of Hardship Index for the Revised SHS Policy','DepEd SDO','','2025-04-30','2025-04-30','Capalonga District','Division',1216,NULL),(113,'Chief Education Supervisor','SGOD Office','To Attend the Orientation with the Regional Office and Schools Division Office Planning Team on the Preparation of FY 2027-2028 Plans and Budget Proposal','SDO','','2025-06-08','2025-06-10','Lotus Blu hotel, Yashano Mall, Legazpi City','Region',1217,NULL),(114,'Senior Education Program Specialist','SGOD Office','To Attend the Orientation with the Regional Office and Schools Division Office Planning Team on the Preparation of FY 2027-2028 Plans and Budget Proposal','SDO','','2025-06-08','2025-06-10','Lotus Blu hotel, Yashano Mall, Legazpi City','Region',1218,NULL),(115,'Senior Education Program Specialist (HRD)','SGOD Office','To Attend the Orientation with the Regional Office and Schools Division Office Planning Team on the Preparation of FY 2027-2028 Plans and Budget Proposal','SDO','','2025-06-08','2025-06-10','Lotus Blu hotel, Yashano Mall, Legazpi City','Region',1219,NULL),(116,'Engineer III','Education Facilities','To Attend the Orientation with the Regional Office and Schools Division Office Planning Team on the Preparation of FY 2027-2028 Plans and Budget Proposal','SDO','','2025-06-08','2025-06-10','Lotus Blu hotel, Yashano Mall, Legazpi City','Region',1220,NULL),(117,'Senior Education Program Specialist','SGOD Office','To In-Service Training for Alternative Learning System Teachers of Tagalog Speaking District','DepEd - SDO CN','','2025-05-27','2025-05-28','Selfieworld Beach and Resort, Capalonga, Cam Norte','Division',1221,NULL),(118,'Nurse II','Health and Nutrition','To Attend the National Immunization Program (NIP) Stakeholders\' Symposium','DOH Bicol CHD, Legazpi City, Albay','','2025-06-10','2025-06-10','Hotel Sentro, Legazpi City','Region',1222,NULL),(119,'Public Schools District Supervisor','CID','BURULIGAN 2025: Convergence Form and Conference on Engaging Children and Youth in Education','DedEd - SDO','','2025-06-18','2025-06-19','Prime Suite Hotel, Daet, CN','Division',1223,NULL),(120,'Public Schools District Supervisor','CID','Monitor Opening of Classes','DepEd - SDO','','2025-06-16','2025-06-17','Basud Camarines Norte','Division',1224,NULL),(121,'Chief Education Supervisor','SGOD Office','To Attend on Participation of DepEd Region V to Kadaklan','DepEd ROV','','2025-07-28','2025-08-01','NEAP Baguio City','Region',1225,NULL),(122,'Education Program Supervisor','CID','Conduct Orientation for Teachers and SSES Examination','DepEd -  SDO','','2025-06-11','2025-08-11','Tulay na Lupa Elem. School','Division',1226,NULL),(123,'Nurse II','Health and Nutrition','To Attend Regional Immunization Summit in Legaspi City','DOH BICOL CHD (Center for Health Development)','','2025-05-14','2025-05-14','Legaspi City','Region',1227,NULL),(124,'Education Program Specialist II (HRD)','SGOD Office','Participants of DEPED Revion V to the Training on the Strengthened Senior High School Curriculum for Teachers','DepEd-NEAP- Central','','2025-05-25','2025-05-28','Selah Pods Hotel, 202-224 F.B. Harrison St. Pasay, 1305 Metro Manila','National',1228,NULL),(125,'Project Development Officer II','SGOD Office','To Attend Emergency Operations Center Training Course','PDRRMO','','2025-05-27','2025-05-29','Daet Cam. Norte','Division',1229,NULL),(126,'Public Schools District Supervisor','CID','Monitoring of LRP Implementing Schools',' DepEd-SDO','','2025-05-27','2025-05-29','Capalonga Camarines Norte','Division',1230,NULL),(127,'Public Schools District Supervisor','CID','To Attend the recised scheduled interview of the qualified applicants for vacant ASDS and SDS positions','SDO - Camarines Norte','','2025-05-29','2025-05-29','Castro St., Brgy. 2 Laoag City, Ilocos Norte','Division',1231,NULL),(128,'Education Program Supervisor','CID','To attend Post Implementation Review and Exit Conference on Workshop on the Design, Development and Quality Assurance of Professional Development Programs in Support of Revised K to 12 Curriculum','DepEd-ROV','','2025-06-03','2025-06-03','Emmie Hotel, Legazpi City','Region',1232,NULL);
/*!40000 ALTER TABLE `travelauthority` ENABLE KEYS */;
UNLOCK TABLES;
/*!40103 SET TIME_ZONE=@OLD_TIME_ZONE */;

/*!40101 SET SQL_MODE=@OLD_SQL_MODE */;
/*!40014 SET FOREIGN_KEY_CHECKS=@OLD_FOREIGN_KEY_CHECKS */;
/*!40014 SET UNIQUE_CHECKS=@OLD_UNIQUE_CHECKS */;
/*!40101 SET CHARACTER_SET_CLIENT=@OLD_CHARACTER_SET_CLIENT */;
/*!40101 SET CHARACTER_SET_RESULTS=@OLD_CHARACTER_SET_RESULTS */;
/*!40101 SET COLLATION_CONNECTION=@OLD_COLLATION_CONNECTION */;
/*!40111 SET SQL_NOTES=@OLD_SQL_NOTES */;

-- Dump completed on 2025-07-28 11:15:12
